id,merchant_id,date,status,amount,platform_fee,source_kind,scenario_id
PAY-002-1,MER-002,2026-01-18,Succeeded,124,3.4,synthetic,planning-v2-seed-20260920
PAY-002-2,MER-002,2026-01-28,Succeeded,135,3.67,synthetic,planning-v2-seed-20260920
PAY-002-3,MER-002,2026-02-07,Succeeded,146,3.95,synthetic,planning-v2-seed-20260920
PAY-002-4,MER-002,2026-02-17,Succeeded,157,4.23,synthetic,planning-v2-seed-20260920
PAY-002-5,MER-002,2026-02-27,Succeeded,168,4.5,synthetic,planning-v2-seed-20260920
PAY-002-6,MER-002,2026-03-09,Succeeded,179,4.78,synthetic,planning-v2-seed-20260920
PAY-002-7,MER-002,2026-03-19,Succeeded,190,5.05,synthetic,planning-v2-seed-20260920
PAY-002-8,MER-002,2026-03-29,Failed,201,0,synthetic,planning-v2-seed-20260920
PAY-002-9,MER-002,2026-04-08,Succeeded,212,5.6,synthetic,planning-v2-seed-20260920
PAY-002-10,MER-002,2026-04-18,Succeeded,223,5.88,synthetic,planning-v2-seed-20260920
PAY-003-1,MER-003,2026-01-22,Succeeded,137,3.73,synthetic,planning-v2-seed-20260920
PAY-003-2,MER-003,2026-02-01,Succeeded,148,4.0,synthetic,planning-v2-seed-20260920
PAY-003-3,MER-003,2026-02-11,Succeeded,159,4.28,synthetic,planning-v2-seed-20260920
PAY-003-4,MER-003,2026-02-21,Succeeded,170,4.55,synthetic,planning-v2-seed-20260920
PAY-003-5,MER-003,2026-03-03,Succeeded,181,4.83,synthetic,planning-v2-seed-20260920
PAY-003-6,MER-003,2026-03-13,Succeeded,192,5.1,synthetic,planning-v2-seed-20260920
PAY-003-7,MER-003,2026-03-23,Failed,203,0,synthetic,planning-v2-seed-20260920
PAY-003-8,MER-003,2026-04-02,Succeeded,214,5.65,synthetic,planning-v2-seed-20260920
PAY-003-9,MER-003,2026-04-12,Succeeded,225,5.92,synthetic,planning-v2-seed-20260920
PAY-003-10,MER-003,2026-04-22,Succeeded,236,6.2,synthetic,planning-v2-seed-20260920
PAY-004-1,MER-004,2026-01-26,Succeeded,150,4.05,synthetic,planning-v2-seed-20260920
PAY-004-2,MER-004,2026-02-05,Succeeded,161,4.33,synthetic,planning-v2-seed-20260920
PAY-004-3,MER-004,2026-02-15,Succeeded,172,4.6,synthetic,planning-v2-seed-20260920
PAY-004-4,MER-004,2026-02-25,Succeeded,183,4.88,synthetic,planning-v2-seed-20260920
PAY-004-5,MER-004,2026-03-07,Succeeded,194,5.15,synthetic,planning-v2-seed-20260920
PAY-004-6,MER-004,2026-03-17,Failed,205,0,synthetic,planning-v2-seed-20260920
PAY-004-7,MER-004,2026-03-27,Succeeded,216,5.7,synthetic,planning-v2-seed-20260920
PAY-004-8,MER-004,2026-04-06,Succeeded,227,5.98,synthetic,planning-v2-seed-20260920
PAY-004-9,MER-004,2026-04-16,Succeeded,238,6.25,synthetic,planning-v2-seed-20260920
PAY-004-10,MER-004,2026-04-26,Succeeded,249,6.53,synthetic,planning-v2-seed-20260920
PAY-005-1,MER-005,2026-01-30,Succeeded,163,4.38,synthetic,planning-v2-seed-20260920
PAY-005-2,MER-005,2026-02-09,Succeeded,174,4.65,synthetic,planning-v2-seed-20260920
PAY-005-3,MER-005,2026-02-19,Succeeded,185,4.92,synthetic,planning-v2-seed-20260920
PAY-005-4,MER-005,2026-03-01,Succeeded,196,5.2,synthetic,planning-v2-seed-20260920
PAY-005-5,MER-005,2026-03-11,Failed,207,0,synthetic,planning-v2-seed-20260920
PAY-005-6,MER-005,2026-03-21,Succeeded,218,5.75,synthetic,planning-v2-seed-20260920
PAY-005-7,MER-005,2026-03-31,Succeeded,229,6.03,synthetic,planning-v2-seed-20260920
PAY-005-8,MER-005,2026-04-10,Succeeded,240,6.3,synthetic,planning-v2-seed-20260920
PAY-005-9,MER-005,2026-04-20,Succeeded,251,6.58,synthetic,planning-v2-seed-20260920
PAY-005-10,MER-005,2026-04-30,Succeeded,262,6.85,synthetic,planning-v2-seed-20260920
PAY-006-1,MER-006,2026-02-03,Succeeded,176,4.7,synthetic,planning-v2-seed-20260920
PAY-006-2,MER-006,2026-02-13,Succeeded,187,4.97,synthetic,planning-v2-seed-20260920
PAY-006-3,MER-006,2026-02-23,Succeeded,198,5.25,synthetic,planning-v2-seed-20260920
PAY-006-4,MER-006,2026-03-05,Failed,209,0,synthetic,planning-v2-seed-20260920
PAY-006-5,MER-006,2026-03-15,Succeeded,220,5.8,synthetic,planning-v2-seed-20260920
PAY-006-6,MER-006,2026-03-25,Succeeded,231,6.08,synthetic,planning-v2-seed-20260920
PAY-006-7,MER-006,2026-04-04,Succeeded,242,6.35,synthetic,planning-v2-seed-20260920
PAY-006-8,MER-006,2026-04-14,Succeeded,253,6.62,synthetic,planning-v2-seed-20260920
PAY-006-9,MER-006,2026-04-24,Succeeded,264,6.9,synthetic,planning-v2-seed-20260920
PAY-006-10,MER-006,2026-05-04,Succeeded,275,7.17,synthetic,planning-v2-seed-20260920
PAY-007-1,MER-007,2026-02-07,Succeeded,189,5.03,synthetic,planning-v2-seed-20260920
PAY-007-2,MER-007,2026-02-17,Succeeded,200,5.3,synthetic,planning-v2-seed-20260920
PAY-007-3,MER-007,2026-02-27,Failed,211,0,synthetic,planning-v2-seed-20260920
PAY-007-4,MER-007,2026-03-09,Succeeded,222,5.85,synthetic,planning-v2-seed-20260920
PAY-007-5,MER-007,2026-03-19,Succeeded,233,6.12,synthetic,planning-v2-seed-20260920
PAY-007-6,MER-007,2026-03-29,Succeeded,244,6.4,synthetic,planning-v2-seed-20260920
PAY-007-7,MER-007,2026-04-08,Succeeded,255,6.67,synthetic,planning-v2-seed-20260920
PAY-007-8,MER-007,2026-04-18,Succeeded,266,6.95,synthetic,planning-v2-seed-20260920
PAY-007-9,MER-007,2026-04-28,Succeeded,277,7.23,synthetic,planning-v2-seed-20260920
PAY-007-10,MER-007,2026-05-08,Succeeded,288,7.5,synthetic,planning-v2-seed-20260920
PAY-008-1,MER-008,2026-02-11,Succeeded,202,5.35,synthetic,planning-v2-seed-20260920
PAY-008-2,MER-008,2026-02-21,Failed,213,0,synthetic,planning-v2-seed-20260920
PAY-008-3,MER-008,2026-03-03,Succeeded,224,5.9,synthetic,planning-v2-seed-20260920
PAY-008-4,MER-008,2026-03-13,Succeeded,235,6.17,synthetic,planning-v2-seed-20260920
PAY-008-5,MER-008,2026-03-23,Succeeded,246,6.45,synthetic,planning-v2-seed-20260920
PAY-008-6,MER-008,2026-04-02,Succeeded,257,6.73,synthetic,planning-v2-seed-20260920
PAY-008-7,MER-008,2026-04-12,Succeeded,268,7.0,synthetic,planning-v2-seed-20260920
PAY-008-8,MER-008,2026-04-22,Succeeded,279,7.28,synthetic,planning-v2-seed-20260920
PAY-008-9,MER-008,2026-05-02,Succeeded,290,7.55,synthetic,planning-v2-seed-20260920
PAY-008-10,MER-008,2026-05-12,Succeeded,301,7.83,synthetic,planning-v2-seed-20260920
PAY-010-1,MER-010,2026-02-19,Succeeded,228,6.0,synthetic,planning-v2-seed-20260920
PAY-010-2,MER-010,2026-03-01,Succeeded,239,6.28,synthetic,planning-v2-seed-20260920
PAY-010-3,MER-010,2026-03-11,Succeeded,250,6.55,synthetic,planning-v2-seed-20260920
PAY-010-4,MER-010,2026-03-21,Succeeded,261,6.83,synthetic,planning-v2-seed-20260920
PAY-010-5,MER-010,2026-03-31,Succeeded,272,7.1,synthetic,planning-v2-seed-20260920
PAY-010-6,MER-010,2026-04-10,Succeeded,283,7.38,synthetic,planning-v2-seed-20260920
PAY-010-7,MER-010,2026-04-20,Succeeded,294,7.65,synthetic,planning-v2-seed-20260920
PAY-010-8,MER-010,2026-04-30,Succeeded,305,7.92,synthetic,planning-v2-seed-20260920
PAY-010-9,MER-010,2026-05-10,Failed,316,0,synthetic,planning-v2-seed-20260920
PAY-010-10,MER-010,2026-05-20,Succeeded,327,8.48,synthetic,planning-v2-seed-20260920
PAY-011-1,MER-011,2026-02-23,Succeeded,241,6.33,synthetic,planning-v2-seed-20260920
PAY-011-2,MER-011,2026-03-05,Succeeded,252,6.6,synthetic,planning-v2-seed-20260920
PAY-011-3,MER-011,2026-03-15,Succeeded,263,6.88,synthetic,planning-v2-seed-20260920
PAY-011-4,MER-011,2026-03-25,Succeeded,274,7.15,synthetic,planning-v2-seed-20260920
PAY-011-5,MER-011,2026-04-04,Succeeded,285,7.42,synthetic,planning-v2-seed-20260920
PAY-011-6,MER-011,2026-04-14,Succeeded,296,7.7,synthetic,planning-v2-seed-20260920
PAY-011-7,MER-011,2026-04-24,Succeeded,307,7.98,synthetic,planning-v2-seed-20260920
PAY-011-8,MER-011,2026-05-04,Failed,318,0,synthetic,planning-v2-seed-20260920
PAY-011-9,MER-011,2026-05-14,Succeeded,329,8.53,synthetic,planning-v2-seed-20260920
PAY-011-10,MER-011,2026-05-24,Succeeded,340,8.8,synthetic,planning-v2-seed-20260920
PAY-012-1,MER-012,2026-02-27,Succeeded,254,6.65,synthetic,planning-v2-seed-20260920
PAY-012-2,MER-012,2026-03-09,Succeeded,265,6.92,synthetic,planning-v2-seed-20260920
PAY-012-3,MER-012,2026-03-19,Succeeded,276,7.2,synthetic,planning-v2-seed-20260920
PAY-012-4,MER-012,2026-03-29,Succeeded,287,7.48,synthetic,planning-v2-seed-20260920
PAY-012-5,MER-012,2026-04-08,Succeeded,298,7.75,synthetic,planning-v2-seed-20260920
PAY-012-6,MER-012,2026-04-18,Succeeded,309,8.03,synthetic,planning-v2-seed-20260920
PAY-012-7,MER-012,2026-04-28,Failed,320,0,synthetic,planning-v2-seed-20260920
PAY-012-8,MER-012,2026-05-08,Succeeded,331,8.58,synthetic,planning-v2-seed-20260920
PAY-012-9,MER-012,2026-05-18,Succeeded,342,8.85,synthetic,planning-v2-seed-20260920
PAY-012-10,MER-012,2026-05-28,Succeeded,353,9.13,synthetic,planning-v2-seed-20260920
PAY-013-1,MER-013,2026-03-03,Succeeded,267,6.98,synthetic,planning-v2-seed-20260920
PAY-013-2,MER-013,2026-03-13,Succeeded,278,7.25,synthetic,planning-v2-seed-20260920
PAY-013-3,MER-013,2026-03-23,Succeeded,289,7.53,synthetic,planning-v2-seed-20260920
PAY-013-4,MER-013,2026-04-02,Succeeded,300,7.8,synthetic,planning-v2-seed-20260920
PAY-013-5,MER-013,2026-04-12,Succeeded,311,8.08,synthetic,planning-v2-seed-20260920
PAY-013-6,MER-013,2026-04-22,Failed,322,0,synthetic,planning-v2-seed-20260920
PAY-013-7,MER-013,2026-05-02,Succeeded,333,8.63,synthetic,planning-v2-seed-20260920
PAY-013-8,MER-013,2026-05-12,Succeeded,344,8.9,synthetic,planning-v2-seed-20260920
PAY-013-9,MER-013,2026-05-22,Succeeded,355,9.18,synthetic,planning-v2-seed-20260920
PAY-013-10,MER-013,2026-06-01,Succeeded,366,9.45,synthetic,planning-v2-seed-20260920
PAY-014-1,MER-014,2026-03-07,Succeeded,280,7.3,synthetic,planning-v2-seed-20260920
PAY-014-2,MER-014,2026-03-17,Succeeded,291,7.58,synthetic,planning-v2-seed-20260920
PAY-014-3,MER-014,2026-03-27,Succeeded,302,7.85,synthetic,planning-v2-seed-20260920
PAY-014-4,MER-014,2026-04-06,Succeeded,313,8.12,synthetic,planning-v2-seed-20260920
PAY-014-5,MER-014,2026-04-16,Failed,324,0,synthetic,planning-v2-seed-20260920
PAY-014-6,MER-014,2026-04-26,Succeeded,335,8.68,synthetic,planning-v2-seed-20260920
PAY-014-7,MER-014,2026-05-06,Succeeded,346,8.95,synthetic,planning-v2-seed-20260920
PAY-014-8,MER-014,2026-05-16,Succeeded,357,9.23,synthetic,planning-v2-seed-20260920
PAY-014-9,MER-014,2026-05-26,Succeeded,368,9.5,synthetic,planning-v2-seed-20260920
PAY-014-10,MER-014,2026-06-05,Succeeded,379,9.78,synthetic,planning-v2-seed-20260920
PAY-015-1,MER-015,2026-03-11,Succeeded,293,7.62,synthetic,planning-v2-seed-20260920
PAY-015-2,MER-015,2026-03-21,Succeeded,304,7.9,synthetic,planning-v2-seed-20260920
PAY-015-3,MER-015,2026-03-31,Succeeded,315,8.18,synthetic,planning-v2-seed-20260920
PAY-015-4,MER-015,2026-04-10,Failed,326,0,synthetic,planning-v2-seed-20260920
PAY-015-5,MER-015,2026-04-20,Succeeded,337,8.73,synthetic,planning-v2-seed-20260920
PAY-015-6,MER-015,2026-04-30,Succeeded,348,9.0,synthetic,planning-v2-seed-20260920
PAY-015-7,MER-015,2026-05-10,Succeeded,359,9.28,synthetic,planning-v2-seed-20260920
PAY-015-8,MER-015,2026-05-20,Succeeded,370,9.55,synthetic,planning-v2-seed-20260920
PAY-015-9,MER-015,2026-05-30,Succeeded,381,9.83,synthetic,planning-v2-seed-20260920
PAY-015-10,MER-015,2026-06-09,Succeeded,392,10.1,synthetic,planning-v2-seed-20260920
PAY-016-1,MER-016,2026-03-15,Succeeded,306,7.95,synthetic,planning-v2-seed-20260920
PAY-016-2,MER-016,2026-03-25,Succeeded,317,8.23,synthetic,planning-v2-seed-20260920
PAY-016-3,MER-016,2026-04-04,Failed,328,0,synthetic,planning-v2-seed-20260920
PAY-016-4,MER-016,2026-04-14,Succeeded,339,8.78,synthetic,planning-v2-seed-20260920
PAY-016-5,MER-016,2026-04-24,Succeeded,350,9.05,synthetic,planning-v2-seed-20260920
PAY-016-6,MER-016,2026-05-04,Succeeded,361,9.33,synthetic,planning-v2-seed-20260920
PAY-016-7,MER-016,2026-05-14,Succeeded,372,9.6,synthetic,planning-v2-seed-20260920
PAY-016-8,MER-016,2026-05-24,Succeeded,383,9.88,synthetic,planning-v2-seed-20260920
PAY-016-9,MER-016,2026-06-03,Succeeded,394,10.15,synthetic,planning-v2-seed-20260920
PAY-016-10,MER-016,2026-06-13,Succeeded,405,10.43,synthetic,planning-v2-seed-20260920
PAY-018-1,MER-018,2026-03-23,Failed,332,0,synthetic,planning-v2-seed-20260920
PAY-018-2,MER-018,2026-04-02,Succeeded,343,8.88,synthetic,planning-v2-seed-20260920
PAY-018-3,MER-018,2026-04-12,Succeeded,354,9.15,synthetic,planning-v2-seed-20260920
PAY-018-4,MER-018,2026-04-22,Succeeded,365,9.43,synthetic,planning-v2-seed-20260920
PAY-018-5,MER-018,2026-05-02,Succeeded,376,9.7,synthetic,planning-v2-seed-20260920
PAY-018-6,MER-018,2026-05-12,Succeeded,387,9.98,synthetic,planning-v2-seed-20260920
PAY-018-7,MER-018,2026-05-22,Succeeded,398,10.25,synthetic,planning-v2-seed-20260920
PAY-018-8,MER-018,2026-06-01,Succeeded,409,10.53,synthetic,planning-v2-seed-20260920
PAY-018-9,MER-018,2026-06-11,Succeeded,420,10.8,synthetic,planning-v2-seed-20260920
PAY-018-10,MER-018,2026-06-21,Failed,431,0,synthetic,planning-v2-seed-20260920
PAY-019-1,MER-019,2026-03-27,Succeeded,345,8.93,synthetic,planning-v2-seed-20260920
PAY-019-2,MER-019,2026-04-06,Succeeded,356,9.2,synthetic,planning-v2-seed-20260920
PAY-019-3,MER-019,2026-04-16,Succeeded,367,9.48,synthetic,planning-v2-seed-20260920
PAY-019-4,MER-019,2026-04-26,Succeeded,378,9.75,synthetic,planning-v2-seed-20260920
PAY-019-5,MER-019,2026-05-06,Succeeded,389,10.03,synthetic,planning-v2-seed-20260920
PAY-019-6,MER-019,2026-05-16,Succeeded,400,10.3,synthetic,planning-v2-seed-20260920
PAY-019-7,MER-019,2026-05-26,Succeeded,411,10.58,synthetic,planning-v2-seed-20260920
PAY-019-8,MER-019,2026-06-05,Succeeded,422,10.85,synthetic,planning-v2-seed-20260920
PAY-019-9,MER-019,2026-06-15,Failed,433,0,synthetic,planning-v2-seed-20260920
PAY-019-10,MER-019,2026-06-25,Succeeded,444,11.4,synthetic,planning-v2-seed-20260920
PAY-020-1,MER-020,2026-03-12,Succeeded,358,9.25,synthetic,planning-v2-seed-20260920
PAY-020-2,MER-020,2026-03-22,Succeeded,369,9.53,synthetic,planning-v2-seed-20260920
PAY-020-3,MER-020,2026-04-01,Succeeded,380,9.8,synthetic,planning-v2-seed-20260920
PAY-020-4,MER-020,2026-04-11,Succeeded,391,10.08,synthetic,planning-v2-seed-20260920
PAY-020-5,MER-020,2026-04-21,Succeeded,402,10.35,synthetic,planning-v2-seed-20260920
PAY-020-6,MER-020,2026-05-01,Succeeded,413,10.63,synthetic,planning-v2-seed-20260920
PAY-020-7,MER-020,2026-05-11,Succeeded,424,10.9,synthetic,planning-v2-seed-20260920
PAY-020-8,MER-020,2026-05-21,Failed,435,0,synthetic,planning-v2-seed-20260920
PAY-020-9,MER-020,2026-05-31,Succeeded,446,11.45,synthetic,planning-v2-seed-20260920
PAY-020-10,MER-020,2026-06-10,Succeeded,457,11.73,synthetic,planning-v2-seed-20260920
PAY-021-1,MER-021,2026-03-16,Succeeded,371,9.58,synthetic,planning-v2-seed-20260920
PAY-021-2,MER-021,2026-03-26,Succeeded,382,9.85,synthetic,planning-v2-seed-20260920
PAY-021-3,MER-021,2026-04-05,Succeeded,393,10.13,synthetic,planning-v2-seed-20260920
PAY-021-4,MER-021,2026-04-15,Succeeded,404,10.4,synthetic,planning-v2-seed-20260920
PAY-021-5,MER-021,2026-04-25,Succeeded,415,10.68,synthetic,planning-v2-seed-20260920
PAY-021-6,MER-021,2026-05-05,Succeeded,426,10.95,synthetic,planning-v2-seed-20260920
PAY-021-7,MER-021,2026-05-15,Failed,437,0,synthetic,planning-v2-seed-20260920
PAY-021-8,MER-021,2026-05-25,Succeeded,448,11.5,synthetic,planning-v2-seed-20260920
PAY-021-9,MER-021,2026-06-04,Succeeded,459,11.78,synthetic,planning-v2-seed-20260920
PAY-021-10,MER-021,2026-06-14,Succeeded,470,12.05,synthetic,planning-v2-seed-20260920
PAY-022-1,MER-022,2026-03-20,Succeeded,384,9.9,synthetic,planning-v2-seed-20260920
PAY-022-2,MER-022,2026-03-30,Succeeded,395,10.18,synthetic,planning-v2-seed-20260920
PAY-022-3,MER-022,2026-04-09,Succeeded,406,10.45,synthetic,planning-v2-seed-20260920
PAY-022-4,MER-022,2026-04-19,Succeeded,417,10.73,synthetic,planning-v2-seed-20260920
PAY-022-5,MER-022,2026-04-29,Succeeded,428,11.0,synthetic,planning-v2-seed-20260920
PAY-022-6,MER-022,2026-05-09,Failed,439,0,synthetic,planning-v2-seed-20260920
PAY-022-7,MER-022,2026-05-19,Succeeded,450,11.55,synthetic,planning-v2-seed-20260920
PAY-022-8,MER-022,2026-05-29,Succeeded,461,11.83,synthetic,planning-v2-seed-20260920
PAY-022-9,MER-022,2026-06-08,Succeeded,472,12.1,synthetic,planning-v2-seed-20260920
PAY-022-10,MER-022,2026-06-18,Succeeded,483,12.38,synthetic,planning-v2-seed-20260920
PAY-023-1,MER-023,2026-03-24,Succeeded,397,10.23,synthetic,planning-v2-seed-20260920
PAY-023-2,MER-023,2026-04-03,Succeeded,408,10.5,synthetic,planning-v2-seed-20260920
PAY-023-3,MER-023,2026-04-13,Succeeded,419,10.78,synthetic,planning-v2-seed-20260920
PAY-023-4,MER-023,2026-04-23,Succeeded,430,11.05,synthetic,planning-v2-seed-20260920
PAY-023-5,MER-023,2026-05-03,Failed,441,0,synthetic,planning-v2-seed-20260920
PAY-023-6,MER-023,2026-05-13,Succeeded,452,11.6,synthetic,planning-v2-seed-20260920
PAY-023-7,MER-023,2026-05-23,Succeeded,463,11.88,synthetic,planning-v2-seed-20260920
PAY-023-8,MER-023,2026-06-02,Succeeded,474,12.15,synthetic,planning-v2-seed-20260920
PAY-023-9,MER-023,2026-06-12,Succeeded,485,12.43,synthetic,planning-v2-seed-20260920
PAY-023-10,MER-023,2026-06-22,Succeeded,496,12.7,synthetic,planning-v2-seed-20260920
PAY-024-1,MER-024,2026-03-28,Succeeded,410,10.55,synthetic,planning-v2-seed-20260920
PAY-024-2,MER-024,2026-04-07,Succeeded,421,10.83,synthetic,planning-v2-seed-20260920
PAY-024-3,MER-024,2026-04-17,Succeeded,432,11.1,synthetic,planning-v2-seed-20260920
PAY-024-4,MER-024,2026-04-27,Failed,443,0,synthetic,planning-v2-seed-20260920
PAY-024-5,MER-024,2026-05-07,Succeeded,454,11.65,synthetic,planning-v2-seed-20260920
PAY-024-6,MER-024,2026-05-17,Succeeded,465,11.93,synthetic,planning-v2-seed-20260920
PAY-024-7,MER-024,2026-05-27,Succeeded,476,12.2,synthetic,planning-v2-seed-20260920
PAY-024-8,MER-024,2026-06-06,Succeeded,487,12.48,synthetic,planning-v2-seed-20260920
PAY-024-9,MER-024,2026-06-16,Succeeded,498,12.75,synthetic,planning-v2-seed-20260920
PAY-024-10,MER-024,2026-06-26,Succeeded,509,13.03,synthetic,planning-v2-seed-20260920
PAY-026-1,MER-026,2026-04-05,Succeeded,436,11.2,synthetic,planning-v2-seed-20260920
PAY-026-2,MER-026,2026-04-15,Failed,447,0,synthetic,planning-v2-seed-20260920
PAY-026-3,MER-026,2026-04-25,Succeeded,458,11.75,synthetic,planning-v2-seed-20260920
PAY-026-4,MER-026,2026-05-05,Succeeded,469,12.03,synthetic,planning-v2-seed-20260920
PAY-026-5,MER-026,2026-05-15,Succeeded,480,12.3,synthetic,planning-v2-seed-20260920
PAY-026-6,MER-026,2026-05-25,Succeeded,491,12.58,synthetic,planning-v2-seed-20260920
PAY-026-7,MER-026,2026-06-04,Succeeded,502,12.85,synthetic,planning-v2-seed-20260920
PAY-026-8,MER-026,2026-06-14,Succeeded,513,13.13,synthetic,planning-v2-seed-20260920
PAY-026-9,MER-026,2026-06-24,Succeeded,524,13.4,synthetic,planning-v2-seed-20260920
PAY-026-10,MER-026,2026-07-04,Succeeded,535,13.68,synthetic,planning-v2-seed-20260920
PAY-027-1,MER-027,2026-04-09,Failed,449,0,synthetic,planning-v2-seed-20260920
PAY-027-2,MER-027,2026-04-19,Succeeded,460,11.8,synthetic,planning-v2-seed-20260920
PAY-027-3,MER-027,2026-04-29,Succeeded,471,12.08,synthetic,planning-v2-seed-20260920
PAY-027-4,MER-027,2026-05-09,Succeeded,482,12.35,synthetic,planning-v2-seed-20260920
PAY-027-5,MER-027,2026-05-19,Succeeded,493,12.63,synthetic,planning-v2-seed-20260920
PAY-027-6,MER-027,2026-05-29,Succeeded,504,12.9,synthetic,planning-v2-seed-20260920
PAY-027-7,MER-027,2026-06-08,Succeeded,515,13.18,synthetic,planning-v2-seed-20260920
PAY-027-8,MER-027,2026-06-18,Succeeded,526,13.45,synthetic,planning-v2-seed-20260920
PAY-027-9,MER-027,2026-06-28,Succeeded,537,13.73,synthetic,planning-v2-seed-20260920
PAY-027-10,MER-027,2026-07-08,Failed,548,0,synthetic,planning-v2-seed-20260920
PAY-028-1,MER-028,2026-04-13,Succeeded,462,11.85,synthetic,planning-v2-seed-20260920
PAY-028-2,MER-028,2026-04-23,Succeeded,473,12.13,synthetic,planning-v2-seed-20260920
PAY-028-3,MER-028,2026-05-03,Succeeded,484,12.4,synthetic,planning-v2-seed-20260920
PAY-028-4,MER-028,2026-05-13,Succeeded,495,12.68,synthetic,planning-v2-seed-20260920
PAY-028-5,MER-028,2026-05-23,Succeeded,506,12.95,synthetic,planning-v2-seed-20260920
PAY-028-6,MER-028,2026-06-02,Succeeded,517,13.23,synthetic,planning-v2-seed-20260920
PAY-028-7,MER-028,2026-06-12,Succeeded,528,13.5,synthetic,planning-v2-seed-20260920
PAY-028-8,MER-028,2026-06-22,Succeeded,539,13.78,synthetic,planning-v2-seed-20260920
PAY-028-9,MER-028,2026-07-02,Failed,550,0,synthetic,planning-v2-seed-20260920
PAY-028-10,MER-028,2026-07-12,Succeeded,561,14.33,synthetic,planning-v2-seed-20260920
PAY-029-1,MER-029,2026-04-17,Succeeded,475,12.18,synthetic,planning-v2-seed-20260920
PAY-029-2,MER-029,2026-04-27,Succeeded,486,12.45,synthetic,planning-v2-seed-20260920
PAY-029-3,MER-029,2026-05-07,Succeeded,497,12.73,synthetic,planning-v2-seed-20260920
PAY-029-4,MER-029,2026-05-17,Succeeded,508,13.0,synthetic,planning-v2-seed-20260920
PAY-029-5,MER-029,2026-05-27,Succeeded,519,13.28,synthetic,planning-v2-seed-20260920
PAY-029-6,MER-029,2026-06-06,Succeeded,530,13.55,synthetic,planning-v2-seed-20260920
PAY-029-7,MER-029,2026-06-16,Succeeded,541,13.83,synthetic,planning-v2-seed-20260920
PAY-029-8,MER-029,2026-06-26,Failed,552,0,synthetic,planning-v2-seed-20260920
PAY-029-9,MER-029,2026-07-06,Succeeded,563,14.38,synthetic,planning-v2-seed-20260920
PAY-029-10,MER-029,2026-07-16,Succeeded,574,14.65,synthetic,planning-v2-seed-20260920
PAY-030-1,MER-030,2026-04-21,Succeeded,488,12.5,synthetic,planning-v2-seed-20260920
PAY-030-2,MER-030,2026-05-01,Succeeded,499,12.78,synthetic,planning-v2-seed-20260920
PAY-030-3,MER-030,2026-05-11,Succeeded,510,13.05,synthetic,planning-v2-seed-20260920
PAY-030-4,MER-030,2026-05-21,Succeeded,521,13.33,synthetic,planning-v2-seed-20260920
PAY-030-5,MER-030,2026-05-31,Succeeded,532,13.6,synthetic,planning-v2-seed-20260920
PAY-030-6,MER-030,2026-06-10,Succeeded,543,13.88,synthetic,planning-v2-seed-20260920
PAY-030-7,MER-030,2026-06-20,Failed,554,0,synthetic,planning-v2-seed-20260920
PAY-030-8,MER-030,2026-06-30,Succeeded,565,14.43,synthetic,planning-v2-seed-20260920
PAY-030-9,MER-030,2026-07-10,Succeeded,576,14.7,synthetic,planning-v2-seed-20260920
PAY-030-10,MER-030,2026-07-20,Succeeded,587,14.98,synthetic,planning-v2-seed-20260920
PAY-031-1,MER-031,2026-04-25,Succeeded,501,12.83,synthetic,planning-v2-seed-20260920
PAY-031-2,MER-031,2026-05-05,Succeeded,512,13.1,synthetic,planning-v2-seed-20260920
PAY-031-3,MER-031,2026-05-15,Succeeded,523,13.38,synthetic,planning-v2-seed-20260920
PAY-031-4,MER-031,2026-05-25,Succeeded,534,13.65,synthetic,planning-v2-seed-20260920
PAY-031-5,MER-031,2026-06-04,Succeeded,545,13.93,synthetic,planning-v2-seed-20260920
PAY-031-6,MER-031,2026-06-14,Failed,556,0,synthetic,planning-v2-seed-20260920
PAY-031-7,MER-031,2026-06-24,Succeeded,567,14.48,synthetic,planning-v2-seed-20260920
PAY-031-8,MER-031,2026-07-04,Succeeded,578,14.75,synthetic,planning-v2-seed-20260920
PAY-031-9,MER-031,2026-07-14,Succeeded,589,15.03,synthetic,planning-v2-seed-20260920
PAY-031-10,MER-031,2026-07-24,Succeeded,600,15.3,synthetic,planning-v2-seed-20260920
PAY-032-1,MER-032,2026-04-29,Succeeded,514,13.15,synthetic,planning-v2-seed-20260920
PAY-032-2,MER-032,2026-05-09,Succeeded,525,13.43,synthetic,planning-v2-seed-20260920
PAY-032-3,MER-032,2026-05-19,Succeeded,536,13.7,synthetic,planning-v2-seed-20260920
PAY-032-4,MER-032,2026-05-29,Succeeded,547,13.98,synthetic,planning-v2-seed-20260920
PAY-032-5,MER-032,2026-06-08,Failed,558,0,synthetic,planning-v2-seed-20260920
PAY-032-6,MER-032,2026-06-18,Succeeded,569,14.53,synthetic,planning-v2-seed-20260920
PAY-032-7,MER-032,2026-06-28,Succeeded,580,14.8,synthetic,planning-v2-seed-20260920
PAY-032-8,MER-032,2026-07-08,Succeeded,591,15.08,synthetic,planning-v2-seed-20260920
PAY-032-9,MER-032,2026-07-18,Succeeded,602,15.35,synthetic,planning-v2-seed-20260920
PAY-032-10,MER-032,2026-07-28,Succeeded,613,15.63,synthetic,planning-v2-seed-20260920
PAY-034-1,MER-034,2026-05-07,Succeeded,540,13.8,synthetic,planning-v2-seed-20260920
PAY-034-2,MER-034,2026-05-17,Succeeded,551,14.08,synthetic,planning-v2-seed-20260920
PAY-034-3,MER-034,2026-05-27,Failed,562,0,synthetic,planning-v2-seed-20260920
PAY-034-4,MER-034,2026-06-06,Succeeded,573,14.63,synthetic,planning-v2-seed-20260920
PAY-034-5,MER-034,2026-06-16,Succeeded,584,14.9,synthetic,planning-v2-seed-20260920
PAY-034-6,MER-034,2026-06-26,Succeeded,595,15.18,synthetic,planning-v2-seed-20260920
PAY-034-7,MER-034,2026-07-06,Succeeded,606,15.45,synthetic,planning-v2-seed-20260920
PAY-034-8,MER-034,2026-07-16,Succeeded,617,15.73,synthetic,planning-v2-seed-20260920
PAY-034-9,MER-034,2026-07-26,Succeeded,628,16.0,synthetic,planning-v2-seed-20260920
PAY-034-10,MER-034,2026-08-05,Succeeded,639,16.28,synthetic,planning-v2-seed-20260920
PAY-035-1,MER-035,2026-05-11,Succeeded,553,14.13,synthetic,planning-v2-seed-20260920
PAY-035-2,MER-035,2026-05-21,Failed,564,0,synthetic,planning-v2-seed-20260920
PAY-035-3,MER-035,2026-05-31,Succeeded,575,14.68,synthetic,planning-v2-seed-20260920
PAY-035-4,MER-035,2026-06-10,Succeeded,586,14.95,synthetic,planning-v2-seed-20260920
PAY-035-5,MER-035,2026-06-20,Succeeded,597,15.23,synthetic,planning-v2-seed-20260920
PAY-035-6,MER-035,2026-06-30,Succeeded,608,15.5,synthetic,planning-v2-seed-20260920
PAY-035-7,MER-035,2026-07-10,Succeeded,619,15.78,synthetic,planning-v2-seed-20260920
PAY-035-8,MER-035,2026-07-20,Succeeded,630,16.05,synthetic,planning-v2-seed-20260920
PAY-035-9,MER-035,2026-07-30,Succeeded,641,16.33,synthetic,planning-v2-seed-20260920
PAY-035-10,MER-035,2026-08-09,Succeeded,652,16.6,synthetic,planning-v2-seed-20260920
PAY-036-1,MER-036,2026-05-15,Failed,566,0,synthetic,planning-v2-seed-20260920
PAY-036-2,MER-036,2026-05-25,Succeeded,577,14.73,synthetic,planning-v2-seed-20260920
PAY-036-3,MER-036,2026-06-04,Succeeded,588,15.0,synthetic,planning-v2-seed-20260920
PAY-036-4,MER-036,2026-06-14,Succeeded,599,15.28,synthetic,planning-v2-seed-20260920
PAY-036-5,MER-036,2026-06-24,Succeeded,610,15.55,synthetic,planning-v2-seed-20260920
PAY-036-6,MER-036,2026-07-04,Succeeded,621,15.83,synthetic,planning-v2-seed-20260920
PAY-036-7,MER-036,2026-07-14,Succeeded,632,16.1,synthetic,planning-v2-seed-20260920
PAY-036-8,MER-036,2026-07-24,Succeeded,643,16.38,synthetic,planning-v2-seed-20260920
PAY-036-9,MER-036,2026-08-03,Succeeded,654,16.65,synthetic,planning-v2-seed-20260920
PAY-036-10,MER-036,2026-08-13,Failed,665,0,synthetic,planning-v2-seed-20260920
PAY-037-1,MER-037,2026-05-19,Succeeded,579,14.78,synthetic,planning-v2-seed-20260920
PAY-037-2,MER-037,2026-05-29,Succeeded,590,15.05,synthetic,planning-v2-seed-20260920
PAY-037-3,MER-037,2026-06-08,Succeeded,601,15.33,synthetic,planning-v2-seed-20260920
PAY-037-4,MER-037,2026-06-18,Succeeded,612,15.6,synthetic,planning-v2-seed-20260920
PAY-037-5,MER-037,2026-06-28,Succeeded,623,15.88,synthetic,planning-v2-seed-20260920
PAY-037-6,MER-037,2026-07-08,Succeeded,634,16.15,synthetic,planning-v2-seed-20260920
PAY-037-7,MER-037,2026-07-18,Succeeded,645,16.43,synthetic,planning-v2-seed-20260920
PAY-037-8,MER-037,2026-07-28,Succeeded,656,16.7,synthetic,planning-v2-seed-20260920
PAY-037-9,MER-037,2026-08-07,Failed,667,0,synthetic,planning-v2-seed-20260920
PAY-037-10,MER-037,2026-08-17,Succeeded,678,17.25,synthetic,planning-v2-seed-20260920
PAY-038-1,MER-038,2026-05-23,Succeeded,592,15.1,synthetic,planning-v2-seed-20260920
PAY-038-2,MER-038,2026-06-02,Succeeded,603,15.38,synthetic,planning-v2-seed-20260920
PAY-038-3,MER-038,2026-06-12,Succeeded,614,15.65,synthetic,planning-v2-seed-20260920
PAY-038-4,MER-038,2026-06-22,Succeeded,625,15.93,synthetic,planning-v2-seed-20260920
PAY-038-5,MER-038,2026-07-02,Succeeded,636,16.2,synthetic,planning-v2-seed-20260920
PAY-038-6,MER-038,2026-07-12,Succeeded,647,16.48,synthetic,planning-v2-seed-20260920
PAY-038-7,MER-038,2026-07-22,Succeeded,658,16.75,synthetic,planning-v2-seed-20260920
PAY-038-8,MER-038,2026-08-01,Failed,669,0,synthetic,planning-v2-seed-20260920
PAY-038-9,MER-038,2026-08-11,Succeeded,680,17.3,synthetic,planning-v2-seed-20260920
PAY-038-10,MER-038,2026-08-21,Succeeded,691,17.58,synthetic,planning-v2-seed-20260920
PAY-039-1,MER-039,2026-05-08,Succeeded,605,15.43,synthetic,planning-v2-seed-20260920
PAY-039-2,MER-039,2026-05-18,Succeeded,616,15.7,synthetic,planning-v2-seed-20260920
PAY-039-3,MER-039,2026-05-28,Succeeded,627,15.98,synthetic,planning-v2-seed-20260920
PAY-039-4,MER-039,2026-06-07,Succeeded,638,16.25,synthetic,planning-v2-seed-20260920
PAY-039-5,MER-039,2026-06-17,Succeeded,649,16.53,synthetic,planning-v2-seed-20260920
PAY-039-6,MER-039,2026-06-27,Succeeded,660,16.8,synthetic,planning-v2-seed-20260920
PAY-039-7,MER-039,2026-07-07,Failed,671,0,synthetic,planning-v2-seed-20260920
PAY-039-8,MER-039,2026-07-17,Succeeded,682,17.35,synthetic,planning-v2-seed-20260920
PAY-039-9,MER-039,2026-07-27,Succeeded,693,17.62,synthetic,planning-v2-seed-20260920
PAY-039-10,MER-039,2026-08-06,Succeeded,704,17.9,synthetic,planning-v2-seed-20260920
PAY-040-1,MER-040,2026-05-12,Succeeded,618,15.75,synthetic,planning-v2-seed-20260920
PAY-040-2,MER-040,2026-05-22,Succeeded,629,16.03,synthetic,planning-v2-seed-20260920
PAY-040-3,MER-040,2026-06-01,Succeeded,640,16.3,synthetic,planning-v2-seed-20260920
PAY-040-4,MER-040,2026-06-11,Succeeded,651,16.58,synthetic,planning-v2-seed-20260920
PAY-040-5,MER-040,2026-06-21,Succeeded,662,16.85,synthetic,planning-v2-seed-20260920
PAY-040-6,MER-040,2026-07-01,Failed,673,0,synthetic,planning-v2-seed-20260920
PAY-040-7,MER-040,2026-07-11,Succeeded,684,17.4,synthetic,planning-v2-seed-20260920
PAY-040-8,MER-040,2026-07-21,Succeeded,695,17.68,synthetic,planning-v2-seed-20260920
PAY-040-9,MER-040,2026-07-31,Succeeded,706,17.95,synthetic,planning-v2-seed-20260920
PAY-040-10,MER-040,2026-08-10,Succeeded,717,18.23,synthetic,planning-v2-seed-20260920
PAY-042-1,MER-042,2026-05-20,Succeeded,644,16.4,synthetic,planning-v2-seed-20260920
PAY-042-2,MER-042,2026-05-30,Succeeded,655,16.68,synthetic,planning-v2-seed-20260920
PAY-042-3,MER-042,2026-06-09,Succeeded,666,16.95,synthetic,planning-v2-seed-20260920
PAY-042-4,MER-042,2026-06-19,Failed,677,0,synthetic,planning-v2-seed-20260920
PAY-042-5,MER-042,2026-06-29,Succeeded,688,17.5,synthetic,planning-v2-seed-20260920
PAY-042-6,MER-042,2026-07-09,Succeeded,699,17.78,synthetic,planning-v2-seed-20260920
PAY-042-7,MER-042,2026-07-19,Succeeded,710,18.05,synthetic,planning-v2-seed-20260920
PAY-042-8,MER-042,2026-07-29,Succeeded,721,18.33,synthetic,planning-v2-seed-20260920
PAY-042-9,MER-042,2026-08-08,Succeeded,732,18.6,synthetic,planning-v2-seed-20260920
PAY-042-10,MER-042,2026-08-18,Succeeded,743,18.88,synthetic,planning-v2-seed-20260920
PAY-043-1,MER-043,2026-05-24,Succeeded,657,16.73,synthetic,planning-v2-seed-20260920
PAY-043-2,MER-043,2026-06-03,Succeeded,668,17.0,synthetic,planning-v2-seed-20260920
PAY-043-3,MER-043,2026-06-13,Failed,679,0,synthetic,planning-v2-seed-20260920
PAY-043-4,MER-043,2026-06-23,Succeeded,690,17.55,synthetic,planning-v2-seed-20260920
PAY-043-5,MER-043,2026-07-03,Succeeded,701,17.83,synthetic,planning-v2-seed-20260920
PAY-043-6,MER-043,2026-07-13,Succeeded,712,18.1,synthetic,planning-v2-seed-20260920
PAY-043-7,MER-043,2026-07-23,Succeeded,723,18.38,synthetic,planning-v2-seed-20260920
PAY-043-8,MER-043,2026-08-02,Succeeded,734,18.65,synthetic,planning-v2-seed-20260920
PAY-043-9,MER-043,2026-08-12,Succeeded,745,18.93,synthetic,planning-v2-seed-20260920
PAY-043-10,MER-043,2026-08-22,Succeeded,756,19.2,synthetic,planning-v2-seed-20260920
PAY-044-1,MER-044,2026-05-28,Succeeded,670,17.05,synthetic,planning-v2-seed-20260920
PAY-044-2,MER-044,2026-06-07,Failed,681,0,synthetic,planning-v2-seed-20260920
PAY-044-3,MER-044,2026-06-17,Succeeded,692,17.6,synthetic,planning-v2-seed-20260920
PAY-044-4,MER-044,2026-06-27,Succeeded,703,17.88,synthetic,planning-v2-seed-20260920
PAY-044-5,MER-044,2026-07-07,Succeeded,714,18.15,synthetic,planning-v2-seed-20260920
PAY-044-6,MER-044,2026-07-17,Succeeded,725,18.43,synthetic,planning-v2-seed-20260920
PAY-044-7,MER-044,2026-07-27,Succeeded,736,18.7,synthetic,planning-v2-seed-20260920
PAY-044-8,MER-044,2026-08-06,Succeeded,747,18.98,synthetic,planning-v2-seed-20260920
PAY-044-9,MER-044,2026-08-16,Succeeded,758,19.25,synthetic,planning-v2-seed-20260920
PAY-044-10,MER-044,2026-08-26,Succeeded,769,19.53,synthetic,planning-v2-seed-20260920
PAY-045-1,MER-045,2026-06-01,Failed,683,0,synthetic,planning-v2-seed-20260920
PAY-045-2,MER-045,2026-06-11,Succeeded,694,17.65,synthetic,planning-v2-seed-20260920
PAY-045-3,MER-045,2026-06-21,Succeeded,705,17.93,synthetic,planning-v2-seed-20260920
PAY-045-4,MER-045,2026-07-01,Succeeded,716,18.2,synthetic,planning-v2-seed-20260920
PAY-045-5,MER-045,2026-07-11,Succeeded,727,18.48,synthetic,planning-v2-seed-20260920
PAY-045-6,MER-045,2026-07-21,Succeeded,738,18.75,synthetic,planning-v2-seed-20260920
PAY-045-7,MER-045,2026-07-31,Succeeded,749,19.03,synthetic,planning-v2-seed-20260920
PAY-045-8,MER-045,2026-08-10,Succeeded,760,19.3,synthetic,planning-v2-seed-20260920
PAY-045-9,MER-045,2026-08-20,Succeeded,771,19.58,synthetic,planning-v2-seed-20260920
PAY-045-10,MER-045,2026-08-30,Failed,782,0,synthetic,planning-v2-seed-20260920
PAY-046-1,MER-046,2026-06-05,Succeeded,696,17.7,synthetic,planning-v2-seed-20260920
PAY-046-2,MER-046,2026-06-15,Succeeded,707,17.98,synthetic,planning-v2-seed-20260920
PAY-046-3,MER-046,2026-06-25,Succeeded,718,18.25,synthetic,planning-v2-seed-20260920
PAY-046-4,MER-046,2026-07-05,Succeeded,729,18.53,synthetic,planning-v2-seed-20260920
PAY-046-5,MER-046,2026-07-15,Succeeded,740,18.8,synthetic,planning-v2-seed-20260920
PAY-046-6,MER-046,2026-07-25,Succeeded,751,19.08,synthetic,planning-v2-seed-20260920
PAY-046-7,MER-046,2026-08-04,Succeeded,762,19.35,synthetic,planning-v2-seed-20260920
PAY-046-8,MER-046,2026-08-14,Succeeded,773,19.63,synthetic,planning-v2-seed-20260920
PAY-046-9,MER-046,2026-08-24,Failed,784,0,synthetic,planning-v2-seed-20260920
PAY-046-10,MER-046,2026-09-03,Succeeded,795,20.18,synthetic,planning-v2-seed-20260920
PAY-047-1,MER-047,2026-06-09,Succeeded,709,18.03,synthetic,planning-v2-seed-20260920
PAY-047-2,MER-047,2026-06-19,Succeeded,720,18.3,synthetic,planning-v2-seed-20260920
PAY-047-3,MER-047,2026-06-29,Succeeded,731,18.58,synthetic,planning-v2-seed-20260920
PAY-047-4,MER-047,2026-07-09,Succeeded,742,18.85,synthetic,planning-v2-seed-20260920
PAY-047-5,MER-047,2026-07-19,Succeeded,753,19.12,synthetic,planning-v2-seed-20260920
PAY-047-6,MER-047,2026-07-29,Succeeded,764,19.4,synthetic,planning-v2-seed-20260920
PAY-047-7,MER-047,2026-08-08,Succeeded,775,19.68,synthetic,planning-v2-seed-20260920
PAY-047-8,MER-047,2026-08-18,Failed,786,0,synthetic,planning-v2-seed-20260920
PAY-047-9,MER-047,2026-08-28,Succeeded,797,20.23,synthetic,planning-v2-seed-20260920
PAY-047-10,MER-047,2026-09-07,Succeeded,808,20.5,synthetic,planning-v2-seed-20260920
PAY-048-1,MER-048,2026-06-13,Succeeded,722,18.35,synthetic,planning-v2-seed-20260920
PAY-048-2,MER-048,2026-06-23,Succeeded,733,18.62,synthetic,planning-v2-seed-20260920
PAY-048-3,MER-048,2026-07-03,Succeeded,744,18.9,synthetic,planning-v2-seed-20260920
PAY-048-4,MER-048,2026-07-13,Succeeded,755,19.18,synthetic,planning-v2-seed-20260920
PAY-048-5,MER-048,2026-07-23,Succeeded,766,19.45,synthetic,planning-v2-seed-20260920
PAY-048-6,MER-048,2026-08-02,Succeeded,777,19.73,synthetic,planning-v2-seed-20260920
PAY-048-7,MER-048,2026-08-12,Failed,788,0,synthetic,planning-v2-seed-20260920
PAY-048-8,MER-048,2026-08-22,Succeeded,799,20.28,synthetic,planning-v2-seed-20260920
PAY-048-9,MER-048,2026-09-01,Succeeded,810,20.55,synthetic,planning-v2-seed-20260920
PAY-048-10,MER-048,2026-09-11,Succeeded,821,20.83,synthetic,planning-v2-seed-20260920
PAY-050-1,MER-050,2026-06-21,Succeeded,748,19.0,synthetic,planning-v2-seed-20260920
PAY-050-2,MER-050,2026-07-01,Succeeded,759,19.28,synthetic,planning-v2-seed-20260920
PAY-050-3,MER-050,2026-07-11,Succeeded,770,19.55,synthetic,planning-v2-seed-20260920
PAY-050-4,MER-050,2026-07-21,Succeeded,781,19.83,synthetic,planning-v2-seed-20260920
PAY-050-5,MER-050,2026-07-31,Failed,792,0,synthetic,planning-v2-seed-20260920
PAY-050-6,MER-050,2026-08-10,Succeeded,803,20.38,synthetic,planning-v2-seed-20260920
PAY-050-7,MER-050,2026-08-20,Succeeded,814,20.65,synthetic,planning-v2-seed-20260920
PAY-050-8,MER-050,2026-08-30,Succeeded,825,20.93,synthetic,planning-v2-seed-20260920
PAY-050-9,MER-050,2026-09-09,Succeeded,836,21.2,synthetic,planning-v2-seed-20260920
PAY-051-1,MER-051,2026-06-25,Succeeded,761,19.33,synthetic,planning-v2-seed-20260920
PAY-051-2,MER-051,2026-07-05,Succeeded,772,19.6,synthetic,planning-v2-seed-20260920
PAY-051-3,MER-051,2026-07-15,Succeeded,783,19.88,synthetic,planning-v2-seed-20260920
PAY-051-4,MER-051,2026-07-25,Failed,794,0,synthetic,planning-v2-seed-20260920
PAY-051-5,MER-051,2026-08-04,Succeeded,805,20.43,synthetic,planning-v2-seed-20260920
PAY-051-6,MER-051,2026-08-14,Succeeded,816,20.7,synthetic,planning-v2-seed-20260920
PAY-051-7,MER-051,2026-08-24,Succeeded,827,20.98,synthetic,planning-v2-seed-20260920
PAY-051-8,MER-051,2026-09-03,Succeeded,838,21.25,synthetic,planning-v2-seed-20260920
PAY-051-9,MER-051,2026-09-13,Succeeded,849,21.53,synthetic,planning-v2-seed-20260920
PAY-052-1,MER-052,2026-06-29,Succeeded,774,19.65,synthetic,planning-v2-seed-20260920
PAY-052-2,MER-052,2026-07-09,Succeeded,785,19.93,synthetic,planning-v2-seed-20260920
PAY-052-3,MER-052,2026-07-19,Failed,796,0,synthetic,planning-v2-seed-20260920
PAY-052-4,MER-052,2026-07-29,Succeeded,807,20.48,synthetic,planning-v2-seed-20260920
PAY-052-5,MER-052,2026-08-08,Succeeded,818,20.75,synthetic,planning-v2-seed-20260920
PAY-052-6,MER-052,2026-08-18,Succeeded,829,21.03,synthetic,planning-v2-seed-20260920
PAY-052-7,MER-052,2026-08-28,Succeeded,840,21.3,synthetic,planning-v2-seed-20260920
PAY-052-8,MER-052,2026-09-07,Succeeded,851,21.58,synthetic,planning-v2-seed-20260920
PAY-052-9,MER-052,2026-09-17,Succeeded,862,21.85,synthetic,planning-v2-seed-20260920
PAY-053-1,MER-053,2026-07-03,Succeeded,787,19.98,synthetic,planning-v2-seed-20260920
PAY-053-2,MER-053,2026-07-13,Failed,798,0,synthetic,planning-v2-seed-20260920
PAY-053-3,MER-053,2026-07-23,Succeeded,809,20.53,synthetic,planning-v2-seed-20260920
PAY-053-4,MER-053,2026-08-02,Succeeded,820,20.8,synthetic,planning-v2-seed-20260920
PAY-053-5,MER-053,2026-08-12,Succeeded,831,21.08,synthetic,planning-v2-seed-20260920
PAY-053-6,MER-053,2026-08-22,Succeeded,842,21.35,synthetic,planning-v2-seed-20260920
PAY-053-7,MER-053,2026-09-01,Succeeded,853,21.63,synthetic,planning-v2-seed-20260920
PAY-053-8,MER-053,2026-09-11,Succeeded,864,21.9,synthetic,planning-v2-seed-20260920
PAY-054-1,MER-054,2026-07-07,Failed,800,0,synthetic,planning-v2-seed-20260920
PAY-054-2,MER-054,2026-07-17,Succeeded,811,20.58,synthetic,planning-v2-seed-20260920
PAY-054-3,MER-054,2026-07-27,Succeeded,822,20.85,synthetic,planning-v2-seed-20260920
PAY-054-4,MER-054,2026-08-06,Succeeded,833,21.13,synthetic,planning-v2-seed-20260920
PAY-054-5,MER-054,2026-08-16,Succeeded,844,21.4,synthetic,planning-v2-seed-20260920
PAY-054-6,MER-054,2026-08-26,Succeeded,855,21.68,synthetic,planning-v2-seed-20260920
PAY-054-7,MER-054,2026-09-05,Succeeded,866,21.95,synthetic,planning-v2-seed-20260920
PAY-054-8,MER-054,2026-09-15,Succeeded,877,22.23,synthetic,planning-v2-seed-20260920
PAY-055-1,MER-055,2026-07-11,Succeeded,813,20.63,synthetic,planning-v2-seed-20260920
PAY-055-2,MER-055,2026-07-21,Succeeded,824,20.9,synthetic,planning-v2-seed-20260920
PAY-055-3,MER-055,2026-07-31,Succeeded,835,21.18,synthetic,planning-v2-seed-20260920
PAY-055-4,MER-055,2026-08-10,Succeeded,846,21.45,synthetic,planning-v2-seed-20260920
PAY-055-5,MER-055,2026-08-20,Succeeded,857,21.73,synthetic,planning-v2-seed-20260920
PAY-055-6,MER-055,2026-08-30,Succeeded,868,22.0,synthetic,planning-v2-seed-20260920
PAY-055-7,MER-055,2026-09-09,Succeeded,879,22.28,synthetic,planning-v2-seed-20260920
PAY-056-1,MER-056,2026-07-15,Succeeded,826,20.95,synthetic,planning-v2-seed-20260920
PAY-056-2,MER-056,2026-07-25,Succeeded,837,21.23,synthetic,planning-v2-seed-20260920
PAY-056-3,MER-056,2026-08-04,Succeeded,848,21.5,synthetic,planning-v2-seed-20260920
PAY-056-4,MER-056,2026-08-14,Succeeded,859,21.78,synthetic,planning-v2-seed-20260920
PAY-056-5,MER-056,2026-08-24,Succeeded,870,22.05,synthetic,planning-v2-seed-20260920
PAY-056-6,MER-056,2026-09-03,Succeeded,881,22.33,synthetic,planning-v2-seed-20260920
PAY-056-7,MER-056,2026-09-13,Succeeded,892,22.6,synthetic,planning-v2-seed-20260920
PAY-058-1,MER-058,2026-07-04,Succeeded,852,21.6,synthetic,planning-v2-seed-20260920
PAY-058-2,MER-058,2026-07-14,Succeeded,863,21.88,synthetic,planning-v2-seed-20260920
PAY-058-3,MER-058,2026-07-24,Succeeded,874,22.15,synthetic,planning-v2-seed-20260920
PAY-058-4,MER-058,2026-08-03,Succeeded,885,22.43,synthetic,planning-v2-seed-20260920
PAY-058-5,MER-058,2026-08-13,Succeeded,896,22.7,synthetic,planning-v2-seed-20260920
PAY-058-6,MER-058,2026-08-23,Failed,907,0,synthetic,planning-v2-seed-20260920
PAY-058-7,MER-058,2026-09-02,Succeeded,918,23.25,synthetic,planning-v2-seed-20260920
PAY-058-8,MER-058,2026-09-12,Succeeded,929,23.53,synthetic,planning-v2-seed-20260920
PAY-059-1,MER-059,2026-07-08,Succeeded,865,21.93,synthetic,planning-v2-seed-20260920
PAY-059-2,MER-059,2026-07-18,Succeeded,876,22.2,synthetic,planning-v2-seed-20260920
PAY-059-3,MER-059,2026-07-28,Succeeded,887,22.48,synthetic,planning-v2-seed-20260920
PAY-059-4,MER-059,2026-08-07,Succeeded,898,22.75,synthetic,planning-v2-seed-20260920
PAY-059-5,MER-059,2026-08-17,Failed,909,0,synthetic,planning-v2-seed-20260920
PAY-059-6,MER-059,2026-08-27,Succeeded,920,23.3,synthetic,planning-v2-seed-20260920
PAY-059-7,MER-059,2026-09-06,Succeeded,931,23.58,synthetic,planning-v2-seed-20260920
PAY-059-8,MER-059,2026-09-16,Succeeded,942,23.85,synthetic,planning-v2-seed-20260920
PAY-060-1,MER-060,2026-07-12,Succeeded,878,22.25,synthetic,planning-v2-seed-20260920
PAY-060-2,MER-060,2026-07-22,Succeeded,889,22.53,synthetic,planning-v2-seed-20260920
PAY-060-3,MER-060,2026-08-01,Succeeded,900,22.8,synthetic,planning-v2-seed-20260920
PAY-060-4,MER-060,2026-08-11,Failed,911,0,synthetic,planning-v2-seed-20260920
PAY-060-5,MER-060,2026-08-21,Succeeded,922,23.35,synthetic,planning-v2-seed-20260920
PAY-060-6,MER-060,2026-08-31,Succeeded,933,23.63,synthetic,planning-v2-seed-20260920
PAY-060-7,MER-060,2026-09-10,Succeeded,944,23.9,synthetic,planning-v2-seed-20260920
