id,opportunity_id,seller_id,booking_date,activation_date,recognition_date,amount,short_cycle,product,segment,source_kind,scenario_id
REV-0002-0,SIM-0002,S002,2026-07-20,2026-08-03,2026-08-03,38400.0,False,GTX Basic,Enterprise,synthetic,planning-v2-seed-20260920
REV-0002-1,SIM-0002,S002,2026-07-20,2026-08-03,2026-09-02,25600.0,False,GTX Basic,Enterprise,synthetic,planning-v2-seed-20260920
REV-0004-0,SIM-0004,S004,2026-08-07,2026-08-21,2026-08-21,9600.0,False,GTX Plus Pro,Growth,synthetic,planning-v2-seed-20260920
REV-0004-1,SIM-0004,S004,2026-08-07,2026-08-21,2026-09-20,6400.0,False,GTX Plus Pro,Growth,synthetic,planning-v2-seed-20260920
REV-0008-0,SIM-0008,S008,2026-05-03,2026-05-17,2026-05-17,15600.0,False,GTK 500,Enterprise,synthetic,planning-v2-seed-20260920
REV-0008-1,SIM-0008,S008,2026-05-03,2026-05-17,2026-06-16,10400.0,False,GTK 500,Enterprise,synthetic,planning-v2-seed-20260920
REV-0010-0,SIM-0010,S010,2026-05-07,2026-05-21,2026-05-21,21600.0,False,GTX Plus Basic,Growth,synthetic,planning-v2-seed-20260920
REV-0010-1,SIM-0010,S010,2026-05-07,2026-05-21,2026-06-20,14400.0,False,GTX Plus Basic,Growth,synthetic,planning-v2-seed-20260920
REV-0013-0,SIM-0013,S013,2026-04-13,2026-04-27,2026-04-27,5400.0,False,MG Advanced,Growth,synthetic,planning-v2-seed-20260920
REV-0013-1,SIM-0013,S013,2026-04-13,2026-04-27,2026-05-27,3600.0,False,MG Advanced,Growth,synthetic,planning-v2-seed-20260920
REV-0017-0,SIM-0017,S017,2026-02-01,2026-02-15,2026-02-15,43200.0,False,GTX Plus Basic,Enterprise,synthetic,planning-v2-seed-20260920
REV-0017-1,SIM-0017,S017,2026-02-01,2026-02-15,2026-03-17,28800.0,False,GTX Plus Basic,Enterprise,synthetic,planning-v2-seed-20260920
REV-0018-0,SIM-0018,S018,2026-08-13,2026-08-27,2026-08-27,51600.0,False,GTX Plus Pro,Scale,synthetic,planning-v2-seed-20260920
REV-0018-1,SIM-0018,S018,2026-08-13,2026-08-27,2026-09-26,34400.0,False,GTX Plus Pro,Scale,synthetic,planning-v2-seed-20260920
REV-0020-0,SIM-0020,S020,2026-02-28,2026-03-14,2026-03-14,37800.0,False,MG Advanced,Enterprise,synthetic,planning-v2-seed-20260920
REV-0020-1,SIM-0020,S020,2026-02-28,2026-03-14,2026-04-13,25200.0,False,MG Advanced,Enterprise,synthetic,planning-v2-seed-20260920
REV-0025-0,SIM-0025,S025,2026-06-27,2026-07-11,2026-07-11,59400.0,False,GTX Plus Pro,Growth,synthetic,planning-v2-seed-20260920
REV-0025-1,SIM-0025,S025,2026-06-27,2026-07-11,2026-08-10,39600.0,False,GTX Plus Pro,Growth,synthetic,planning-v2-seed-20260920
REV-0028-0,SIM-0028,S028,2026-06-25,2026-07-09,2026-07-09,30000.0,False,MG Special,Growth,synthetic,planning-v2-seed-20260920
REV-0028-1,SIM-0028,S028,2026-06-25,2026-07-09,2026-08-08,20000.0,False,MG Special,Growth,synthetic,planning-v2-seed-20260920
REV-0037-0,SIM-0037,S002,2026-08-14,2026-08-28,2026-08-28,24000.0,False,GTX Basic,Growth,synthetic,planning-v2-seed-20260920
REV-0037-1,SIM-0037,S002,2026-08-14,2026-08-28,2026-09-27,16000.0,False,GTX Basic,Growth,synthetic,planning-v2-seed-20260920
REV-0038-0,SIM-0038,S003,2026-06-25,2026-07-09,2026-07-09,13200.0,False,GTX Plus Basic,Enterprise,synthetic,planning-v2-seed-20260920
REV-0038-1,SIM-0038,S003,2026-06-25,2026-07-09,2026-08-08,8800.0,False,GTX Plus Basic,Enterprise,synthetic,planning-v2-seed-20260920
REV-0039-0,SIM-0039,S004,2026-07-02,2026-07-16,2026-07-16,25200.0,False,GTX Plus Pro,Scale,synthetic,planning-v2-seed-20260920
REV-0039-1,SIM-0039,S004,2026-07-02,2026-07-16,2026-08-15,16800.0,False,GTX Plus Pro,Scale,synthetic,planning-v2-seed-20260920
REV-0040-0,SIM-0040,S005,2026-09-05,2026-09-19,2026-09-19,31200.0,False,GTX Pro,Growth,synthetic,planning-v2-seed-20260920
REV-0040-1,SIM-0040,S005,2026-09-05,2026-09-19,2026-10-19,20800.0,False,GTX Pro,Growth,synthetic,planning-v2-seed-20260920
REV-0045-0,SIM-0045,S010,2026-06-23,2026-07-07,2026-07-07,8400.0,False,GTX Plus Basic,Scale,synthetic,planning-v2-seed-20260920
REV-0045-1,SIM-0045,S010,2026-06-23,2026-07-07,2026-08-06,5600.0,False,GTX Plus Basic,Scale,synthetic,planning-v2-seed-20260920
REV-0052-0,SIM-0052,S017,2026-05-11,2026-05-25,2026-05-25,39000.0,False,GTX Plus Basic,Growth,synthetic,planning-v2-seed-20260920
REV-0052-1,SIM-0052,S017,2026-05-11,2026-05-25,2026-06-24,26000.0,False,GTX Plus Basic,Growth,synthetic,planning-v2-seed-20260920
REV-0053-0,SIM-0053,S018,2026-04-30,2026-05-14,2026-05-14,18600.0,False,GTX Plus Pro,Enterprise,synthetic,planning-v2-seed-20260920
REV-0053-1,SIM-0053,S018,2026-04-30,2026-05-14,2026-06-13,12400.0,False,GTX Plus Pro,Enterprise,synthetic,planning-v2-seed-20260920
REV-0056-0,SIM-0056,S021,2026-08-15,2026-08-18,2026-08-18,39000,True,MG Special,Enterprise,synthetic,planning-v2-seed-20260920
REV-0057-0,SIM-0057,S022,2026-04-04,2026-04-18,2026-04-18,15600.0,False,GTK 500,Scale,synthetic,planning-v2-seed-20260920
REV-0057-1,SIM-0057,S022,2026-04-04,2026-04-18,2026-05-18,10400.0,False,GTK 500,Scale,synthetic,planning-v2-seed-20260920
REV-0058-0,SIM-0058,S023,2026-05-20,2026-06-03,2026-06-03,18000.0,False,GTX Basic,Growth,synthetic,planning-v2-seed-20260920
REV-0058-1,SIM-0058,S023,2026-05-20,2026-06-03,2026-07-03,12000.0,False,GTX Basic,Growth,synthetic,planning-v2-seed-20260920
REV-0059-0,SIM-0059,S024,2026-06-25,2026-07-09,2026-07-09,46800.0,False,GTX Plus Basic,Enterprise,synthetic,planning-v2-seed-20260920
REV-0059-1,SIM-0059,S024,2026-06-25,2026-07-09,2026-08-08,31200.0,False,GTX Plus Basic,Enterprise,synthetic,planning-v2-seed-20260920
REV-0060-0,SIM-0060,S025,2026-04-22,2026-05-06,2026-05-06,54600.0,False,GTX Plus Pro,Scale,synthetic,planning-v2-seed-20260920
REV-0060-1,SIM-0060,S025,2026-04-22,2026-05-06,2026-06-05,36400.0,False,GTX Plus Pro,Scale,synthetic,planning-v2-seed-20260920
REV-0072-0,SIM-0072,S002,2026-01-29,2026-02-12,2026-02-12,53400.0,False,GTX Basic,Scale,synthetic,planning-v2-seed-20260920
REV-0072-1,SIM-0072,S002,2026-01-29,2026-02-12,2026-03-14,35600.0,False,GTX Basic,Scale,synthetic,planning-v2-seed-20260920
REV-0073-0,SIM-0073,S003,2026-08-23,2026-09-06,2026-09-06,37800.0,False,GTX Plus Basic,Growth,synthetic,planning-v2-seed-20260920
REV-0073-1,SIM-0073,S003,2026-08-23,2026-09-06,2026-10-06,25200.0,False,GTX Plus Basic,Growth,synthetic,planning-v2-seed-20260920
REV-0075-0,SIM-0075,S005,2026-05-06,2026-05-20,2026-05-20,34200.0,False,GTX Pro,Scale,synthetic,planning-v2-seed-20260920
REV-0075-1,SIM-0075,S005,2026-05-06,2026-05-20,2026-06-19,22800.0,False,GTX Pro,Scale,synthetic,planning-v2-seed-20260920
REV-0076-0,SIM-0076,S006,2026-07-01,2026-07-04,2026-07-04,23000,True,MG Advanced,Growth,synthetic,planning-v2-seed-20260920
REV-0080-0,SIM-0080,S010,2026-04-04,2026-04-18,2026-04-18,16200.0,False,GTX Plus Basic,Enterprise,synthetic,planning-v2-seed-20260920
REV-0080-1,SIM-0080,S010,2026-04-04,2026-04-18,2026-05-18,10800.0,False,GTX Plus Basic,Enterprise,synthetic,planning-v2-seed-20260920
REV-0082-0,SIM-0082,S012,2026-05-01,2026-05-15,2026-05-15,7800.0,False,GTX Pro,Growth,synthetic,planning-v2-seed-20260920
REV-0082-1,SIM-0082,S012,2026-05-01,2026-05-15,2026-06-14,5200.0,False,GTX Pro,Growth,synthetic,planning-v2-seed-20260920
REV-0083-0,SIM-0083,S013,2026-09-04,2026-09-18,2026-09-18,23400.0,False,MG Advanced,Enterprise,synthetic,planning-v2-seed-20260920
REV-0083-1,SIM-0083,S013,2026-09-04,2026-09-18,2026-10-18,15600.0,False,MG Advanced,Enterprise,synthetic,planning-v2-seed-20260920
REV-0088-0,SIM-0088,S018,2026-06-15,2026-06-29,2026-06-29,28200.0,False,GTX Plus Pro,Scale,synthetic,planning-v2-seed-20260920
REV-0088-1,SIM-0088,S018,2026-06-15,2026-06-29,2026-07-29,18800.0,False,GTX Plus Pro,Scale,synthetic,planning-v2-seed-20260920
REV-0089-0,SIM-0089,S019,2026-03-17,2026-03-31,2026-03-31,19800.0,False,GTX Pro,Growth,synthetic,planning-v2-seed-20260920
REV-0089-1,SIM-0089,S019,2026-03-17,2026-03-31,2026-04-30,13200.0,False,GTX Pro,Growth,synthetic,planning-v2-seed-20260920
REV-0092-0,SIM-0092,S022,2026-05-07,2026-05-21,2026-05-21,21600.0,False,GTK 500,Growth,synthetic,planning-v2-seed-20260920
REV-0092-1,SIM-0092,S022,2026-05-07,2026-05-21,2026-06-20,14400.0,False,GTK 500,Growth,synthetic,planning-v2-seed-20260920
REV-0094-0,SIM-0094,S024,2026-09-02,2026-09-16,2026-09-16,21600.0,False,GTX Plus Basic,Scale,synthetic,planning-v2-seed-20260920
REV-0094-1,SIM-0094,S024,2026-09-02,2026-09-16,2026-10-16,14400.0,False,GTX Plus Basic,Scale,synthetic,planning-v2-seed-20260920
REV-0100-0,SIM-0100,S030,2026-09-06,2026-09-20,2026-09-20,57600.0,False,GTX Basic,Scale,synthetic,planning-v2-seed-20260920
REV-0100-1,SIM-0100,S030,2026-09-06,2026-09-20,2026-10-20,38400.0,False,GTX Basic,Scale,synthetic,planning-v2-seed-20260920
REV-0107-0,SIM-0107,S002,2026-04-21,2026-05-05,2026-05-05,11400.0,False,GTX Basic,Growth,synthetic,planning-v2-seed-20260920
REV-0107-1,SIM-0107,S002,2026-04-21,2026-05-05,2026-06-04,7600.0,False,GTX Basic,Growth,synthetic,planning-v2-seed-20260920
REV-0110-0,SIM-0110,S005,2026-03-29,2026-04-12,2026-04-12,16200.0,False,GTX Pro,Growth,synthetic,planning-v2-seed-20260920
REV-0110-1,SIM-0110,S005,2026-03-29,2026-04-12,2026-05-12,10800.0,False,GTX Pro,Growth,synthetic,planning-v2-seed-20260920
REV-0114-0,SIM-0114,S009,2026-08-30,2026-09-13,2026-09-13,11400.0,False,GTX Basic,Enterprise,synthetic,planning-v2-seed-20260920
REV-0114-1,SIM-0114,S009,2026-08-30,2026-09-13,2026-10-13,7600.0,False,GTX Basic,Enterprise,synthetic,planning-v2-seed-20260920
REV-0117-0,SIM-0117,S012,2026-05-31,2026-06-14,2026-06-14,25200.0,False,GTX Pro,Enterprise,synthetic,planning-v2-seed-20260920
REV-0117-1,SIM-0117,S012,2026-05-31,2026-06-14,2026-07-14,16800.0,False,GTX Pro,Enterprise,synthetic,planning-v2-seed-20260920
REV-0118-0,SIM-0118,S013,2026-04-11,2026-04-25,2026-04-25,24600.0,False,MG Advanced,Scale,synthetic,planning-v2-seed-20260920
REV-0118-1,SIM-0118,S013,2026-04-11,2026-04-25,2026-05-25,16400.0,False,MG Advanced,Scale,synthetic,planning-v2-seed-20260920
REV-0119-0,SIM-0119,S014,2026-08-18,2026-09-01,2026-09-01,6600.0,False,MG Special,Growth,synthetic,planning-v2-seed-20260920
REV-0119-1,SIM-0119,S014,2026-08-18,2026-09-01,2026-10-01,4400.0,False,MG Special,Growth,synthetic,planning-v2-seed-20260920
REV-0121-0,SIM-0121,S016,2026-08-03,2026-08-06,2026-08-06,103000,True,GTX Basic,Scale,synthetic,planning-v2-seed-20260920
REV-0122-0,SIM-0122,S017,2026-07-22,2026-08-05,2026-08-05,51000.0,False,GTX Plus Basic,Growth,synthetic,planning-v2-seed-20260920
REV-0122-1,SIM-0122,S017,2026-07-22,2026-08-05,2026-09-04,34000.0,False,GTX Plus Basic,Growth,synthetic,planning-v2-seed-20260920
REV-0123-0,SIM-0123,S018,2026-06-06,2026-06-20,2026-06-20,22800.0,False,GTX Plus Pro,Enterprise,synthetic,planning-v2-seed-20260920
REV-0123-1,SIM-0123,S018,2026-06-06,2026-06-20,2026-07-20,15200.0,False,GTX Plus Pro,Enterprise,synthetic,planning-v2-seed-20260920
REV-0129-0,SIM-0129,S024,2026-07-24,2026-08-07,2026-08-07,40800.0,False,GTX Plus Basic,Enterprise,synthetic,planning-v2-seed-20260920
REV-0129-1,SIM-0129,S024,2026-07-24,2026-08-07,2026-09-06,27200.0,False,GTX Plus Basic,Enterprise,synthetic,planning-v2-seed-20260920
REV-0130-0,SIM-0130,S025,2026-02-17,2026-03-03,2026-03-03,18000.0,False,GTX Plus Pro,Scale,synthetic,planning-v2-seed-20260920
REV-0130-1,SIM-0130,S025,2026-02-17,2026-03-03,2026-04-02,12000.0,False,GTX Plus Pro,Scale,synthetic,planning-v2-seed-20260920
REV-0133-0,SIM-0133,S028,2026-03-05,2026-03-19,2026-03-19,13800.0,False,MG Special,Scale,synthetic,planning-v2-seed-20260920
REV-0133-1,SIM-0133,S028,2026-03-05,2026-03-19,2026-04-18,9200.0,False,MG Special,Scale,synthetic,planning-v2-seed-20260920
REV-0141-0,SIM-0141,S001,2026-05-29,2026-06-01,2026-06-01,71000,True,GTK 500,Enterprise,synthetic,planning-v2-seed-20260920
REV-0143-0,SIM-0143,S003,2026-07-20,2026-08-03,2026-08-03,46200.0,False,GTX Plus Basic,Growth,synthetic,planning-v2-seed-20260920
REV-0143-1,SIM-0143,S003,2026-07-20,2026-08-03,2026-09-02,30800.0,False,GTX Plus Basic,Growth,synthetic,planning-v2-seed-20260920
REV-0151-0,SIM-0151,S011,2026-08-06,2026-08-09,2026-08-09,74000,True,GTX Plus Pro,Scale,synthetic,planning-v2-seed-20260920
REV-0152-0,SIM-0152,S012,2026-05-19,2026-06-02,2026-06-02,15600.0,False,GTX Pro,Growth,synthetic,planning-v2-seed-20260920
REV-0152-1,SIM-0152,S012,2026-05-19,2026-06-02,2026-07-02,10400.0,False,GTX Pro,Growth,synthetic,planning-v2-seed-20260920
REV-0155-0,SIM-0155,S015,2026-03-21,2026-04-04,2026-04-04,12000.0,False,GTK 500,Growth,synthetic,planning-v2-seed-20260920
REV-0155-1,SIM-0155,S015,2026-03-21,2026-04-04,2026-05-04,8000.0,False,GTK 500,Growth,synthetic,planning-v2-seed-20260920
REV-0158-0,SIM-0158,S018,2026-09-16,2026-09-30,2026-09-30,7800.0,False,GTX Plus Pro,Growth,synthetic,planning-v2-seed-20260920
REV-0158-1,SIM-0158,S018,2026-09-16,2026-09-30,2026-10-30,5200.0,False,GTX Plus Pro,Growth,synthetic,planning-v2-seed-20260920
REV-0159-0,SIM-0159,S019,2026-01-28,2026-02-11,2026-02-11,38400.0,False,GTX Pro,Enterprise,synthetic,planning-v2-seed-20260920
REV-0159-1,SIM-0159,S019,2026-01-28,2026-02-11,2026-03-13,25600.0,False,GTX Pro,Enterprise,synthetic,planning-v2-seed-20260920
REV-0160-0,SIM-0160,S020,2026-05-24,2026-06-07,2026-06-07,42600.0,False,MG Advanced,Scale,synthetic,planning-v2-seed-20260920
REV-0160-1,SIM-0160,S020,2026-05-24,2026-06-07,2026-07-07,28400.0,False,MG Advanced,Scale,synthetic,planning-v2-seed-20260920
REV-0162-0,SIM-0162,S022,2026-05-18,2026-06-01,2026-06-01,25800.0,False,GTK 500,Enterprise,synthetic,planning-v2-seed-20260920
REV-0162-1,SIM-0162,S022,2026-05-18,2026-06-01,2026-07-01,17200.0,False,GTK 500,Enterprise,synthetic,planning-v2-seed-20260920
REV-0163-0,SIM-0163,S023,2026-09-14,2026-09-28,2026-09-28,7800.0,False,GTX Basic,Scale,synthetic,planning-v2-seed-20260920
REV-0163-1,SIM-0163,S023,2026-09-14,2026-09-28,2026-10-28,5200.0,False,GTX Basic,Scale,synthetic,planning-v2-seed-20260920
REV-0164-0,SIM-0164,S024,2026-06-22,2026-07-06,2026-07-06,48600.0,False,GTX Plus Basic,Growth,synthetic,planning-v2-seed-20260920
REV-0164-1,SIM-0164,S024,2026-06-22,2026-07-06,2026-08-05,32400.0,False,GTX Plus Basic,Growth,synthetic,planning-v2-seed-20260920
REV-0166-0,SIM-0166,S026,2026-08-04,2026-08-07,2026-08-07,90000,True,GTX Pro,Scale,synthetic,planning-v2-seed-20260920
REV-0167-0,SIM-0167,S027,2026-06-15,2026-06-29,2026-06-29,11400.0,False,MG Advanced,Growth,synthetic,planning-v2-seed-20260920
REV-0167-1,SIM-0167,S027,2026-06-15,2026-06-29,2026-07-29,7600.0,False,MG Advanced,Growth,synthetic,planning-v2-seed-20260920
REV-0170-0,SIM-0170,S030,2026-06-20,2026-07-04,2026-07-04,49200.0,False,GTX Basic,Growth,synthetic,planning-v2-seed-20260920
REV-0170-1,SIM-0170,S030,2026-06-20,2026-07-04,2026-08-03,32800.0,False,GTX Basic,Growth,synthetic,planning-v2-seed-20260920
REV-0171-0,SIM-0171,S031,2026-08-30,2026-09-02,2026-09-02,55000,True,GTX Plus Basic,Growth,synthetic,planning-v2-seed-20260920
REV-0180-0,SIM-0180,S005,2026-03-04,2026-03-18,2026-03-18,33600.0,False,GTX Pro,Growth,synthetic,planning-v2-seed-20260920
REV-0180-1,SIM-0180,S005,2026-03-04,2026-03-18,2026-04-17,22400.0,False,GTX Pro,Growth,synthetic,planning-v2-seed-20260920
REV-0183-0,SIM-0183,S008,2026-07-14,2026-07-28,2026-07-28,31200.0,False,GTK 500,Growth,synthetic,planning-v2-seed-20260920
REV-0183-1,SIM-0183,S008,2026-07-14,2026-07-28,2026-08-27,20800.0,False,GTK 500,Growth,synthetic,planning-v2-seed-20260920
REV-0184-0,SIM-0184,S009,2026-03-10,2026-03-24,2026-03-24,43200.0,False,GTX Basic,Enterprise,synthetic,planning-v2-seed-20260920
REV-0184-1,SIM-0184,S009,2026-03-10,2026-03-24,2026-04-23,28800.0,False,GTX Basic,Enterprise,synthetic,planning-v2-seed-20260920
REV-0187-0,SIM-0187,S012,2026-07-31,2026-08-14,2026-08-14,20400.0,False,GTX Pro,Enterprise,synthetic,planning-v2-seed-20260920
REV-0187-1,SIM-0187,S012,2026-07-31,2026-08-14,2026-09-13,13600.0,False,GTX Pro,Enterprise,synthetic,planning-v2-seed-20260920
REV-0188-0,SIM-0188,S013,2026-08-08,2026-08-22,2026-08-22,30600.0,False,MG Advanced,Scale,synthetic,planning-v2-seed-20260920
REV-0188-1,SIM-0188,S013,2026-08-08,2026-08-22,2026-09-21,20400.0,False,MG Advanced,Scale,synthetic,planning-v2-seed-20260920
REV-0189-0,SIM-0189,S014,2026-06-14,2026-06-28,2026-06-28,54600.0,False,MG Special,Growth,synthetic,planning-v2-seed-20260920
REV-0189-1,SIM-0189,S014,2026-06-14,2026-06-28,2026-07-28,36400.0,False,MG Special,Growth,synthetic,planning-v2-seed-20260920
REV-0190-0,SIM-0190,S015,2026-08-27,2026-09-10,2026-09-10,27600.0,False,GTK 500,Enterprise,synthetic,planning-v2-seed-20260920
REV-0190-1,SIM-0190,S015,2026-08-27,2026-09-10,2026-10-10,18400.0,False,GTK 500,Enterprise,synthetic,planning-v2-seed-20260920
REV-0196-0,SIM-0196,S021,2026-08-04,2026-08-07,2026-08-07,14000,True,MG Special,Enterprise,synthetic,planning-v2-seed-20260920
REV-0197-0,SIM-0197,S022,2026-08-11,2026-08-25,2026-08-25,39600.0,False,GTK 500,Scale,synthetic,planning-v2-seed-20260920
REV-0197-1,SIM-0197,S022,2026-08-11,2026-08-25,2026-09-24,26400.0,False,GTK 500,Scale,synthetic,planning-v2-seed-20260920
REV-0203-0,SIM-0203,S028,2026-08-21,2026-09-04,2026-09-04,35400.0,False,MG Special,Scale,synthetic,planning-v2-seed-20260920
REV-0203-1,SIM-0203,S028,2026-08-21,2026-09-04,2026-10-04,23600.0,False,MG Special,Scale,synthetic,planning-v2-seed-20260920
REV-0205-0,SIM-0205,S030,2026-05-08,2026-05-22,2026-05-22,42000.0,False,GTX Basic,Enterprise,synthetic,planning-v2-seed-20260920
REV-0205-1,SIM-0205,S030,2026-05-08,2026-05-22,2026-06-21,28000.0,False,GTX Basic,Enterprise,synthetic,planning-v2-seed-20260920
REV-0216-0,SIM-0216,S006,2026-04-20,2026-04-23,2026-04-23,95000,True,MG Advanced,Growth,synthetic,planning-v2-seed-20260920
REV-0217-0,SIM-0217,S007,2026-08-18,2026-09-01,2026-09-01,50400.0,False,MG Special,Enterprise,synthetic,planning-v2-seed-20260920
REV-0217-1,SIM-0217,S007,2026-08-18,2026-09-01,2026-10-01,33600.0,False,MG Special,Enterprise,synthetic,planning-v2-seed-20260920
REV-0219-0,SIM-0219,S009,2026-04-04,2026-04-18,2026-04-18,51600.0,False,GTX Basic,Growth,synthetic,planning-v2-seed-20260920
REV-0219-1,SIM-0219,S009,2026-04-04,2026-04-18,2026-05-18,34400.0,False,GTX Basic,Growth,synthetic,planning-v2-seed-20260920
REV-0221-0,SIM-0221,S011,2026-04-18,2026-04-21,2026-04-21,53000,True,GTX Plus Pro,Scale,synthetic,planning-v2-seed-20260920
REV-0223-0,SIM-0223,S013,2026-02-24,2026-03-10,2026-03-10,43800.0,False,MG Advanced,Enterprise,synthetic,planning-v2-seed-20260920
REV-0223-1,SIM-0223,S013,2026-02-24,2026-03-10,2026-04-09,29200.0,False,MG Advanced,Enterprise,synthetic,planning-v2-seed-20260920
REV-0225-0,SIM-0225,S015,2026-03-08,2026-03-22,2026-03-22,16200.0,False,GTK 500,Growth,synthetic,planning-v2-seed-20260920
REV-0225-1,SIM-0225,S015,2026-03-08,2026-03-22,2026-04-21,10800.0,False,GTK 500,Growth,synthetic,planning-v2-seed-20260920
REV-0228-0,SIM-0228,S018,2026-06-16,2026-06-30,2026-06-30,13800.0,False,GTX Plus Pro,Growth,synthetic,planning-v2-seed-20260920
REV-0228-1,SIM-0228,S018,2026-06-16,2026-06-30,2026-07-30,9200.0,False,GTX Plus Pro,Growth,synthetic,planning-v2-seed-20260920
REV-0229-0,SIM-0229,S019,2026-04-10,2026-04-24,2026-04-24,52200.0,False,GTX Pro,Enterprise,synthetic,planning-v2-seed-20260920
REV-0229-1,SIM-0229,S019,2026-04-10,2026-04-24,2026-05-24,34800.0,False,GTX Pro,Enterprise,synthetic,planning-v2-seed-20260920
REV-0230-0,SIM-0230,S020,2026-03-15,2026-03-29,2026-03-29,18600.0,False,MG Advanced,Scale,synthetic,planning-v2-seed-20260920
REV-0230-1,SIM-0230,S020,2026-03-15,2026-03-29,2026-04-28,12400.0,False,MG Advanced,Scale,synthetic,planning-v2-seed-20260920
REV-0235-0,SIM-0235,S025,2026-02-09,2026-02-23,2026-02-23,36000.0,False,GTX Plus Pro,Enterprise,synthetic,planning-v2-seed-20260920
REV-0235-1,SIM-0235,S025,2026-02-09,2026-02-23,2026-03-25,24000.0,False,GTX Plus Pro,Enterprise,synthetic,planning-v2-seed-20260920
REV-0236-0,SIM-0236,S026,2026-06-11,2026-06-14,2026-06-14,78000,True,GTX Pro,Scale,synthetic,planning-v2-seed-20260920
REV-0239-0,SIM-0239,S029,2026-04-14,2026-04-28,2026-04-28,41400.0,False,GTK 500,Scale,synthetic,planning-v2-seed-20260920
REV-0239-1,SIM-0239,S029,2026-04-14,2026-04-28,2026-05-28,27600.0,False,GTK 500,Scale,synthetic,planning-v2-seed-20260920
REV-0250-0,SIM-0250,S005,2026-04-29,2026-05-13,2026-05-13,45000.0,False,GTX Pro,Enterprise,synthetic,planning-v2-seed-20260920
REV-0250-1,SIM-0250,S005,2026-04-29,2026-05-13,2026-06-12,30000.0,False,GTX Pro,Enterprise,synthetic,planning-v2-seed-20260920
REV-0252-0,SIM-0252,S007,2026-03-04,2026-03-18,2026-03-18,7800.0,False,MG Special,Growth,synthetic,planning-v2-seed-20260920
REV-0252-1,SIM-0252,S007,2026-03-04,2026-03-18,2026-04-17,5200.0,False,MG Special,Growth,synthetic,planning-v2-seed-20260920
REV-0256-0,SIM-0256,S011,2026-02-06,2026-02-09,2026-02-09,13000,True,GTX Plus Pro,Growth,synthetic,planning-v2-seed-20260920
REV-0259-0,SIM-0259,S014,2026-06-18,2026-07-02,2026-07-02,24600.0,False,MG Special,Growth,synthetic,planning-v2-seed-20260920
REV-0259-1,SIM-0259,S014,2026-06-18,2026-07-02,2026-08-01,16400.0,False,MG Special,Growth,synthetic,planning-v2-seed-20260920
REV-0263-0,SIM-0263,S018,2026-03-18,2026-04-01,2026-04-01,7800.0,False,GTX Plus Pro,Enterprise,synthetic,planning-v2-seed-20260920
REV-0263-1,SIM-0263,S018,2026-03-18,2026-04-01,2026-05-01,5200.0,False,GTX Plus Pro,Enterprise,synthetic,planning-v2-seed-20260920
REV-0268-0,SIM-0268,S023,2026-05-10,2026-05-24,2026-05-24,24000.0,False,GTX Basic,Growth,synthetic,planning-v2-seed-20260920
REV-0268-1,SIM-0268,S023,2026-05-10,2026-05-24,2026-06-23,16000.0,False,GTX Basic,Growth,synthetic,planning-v2-seed-20260920
REV-0270-0,SIM-0270,S025,2026-08-06,2026-08-20,2026-08-20,31800.0,False,GTX Plus Pro,Scale,synthetic,planning-v2-seed-20260920
REV-0270-1,SIM-0270,S025,2026-08-06,2026-08-20,2026-09-19,21200.0,False,GTX Plus Pro,Scale,synthetic,planning-v2-seed-20260920
REV-0271-0,SIM-0271,S026,2026-08-17,2026-08-20,2026-08-20,81000,True,GTX Pro,Growth,synthetic,planning-v2-seed-20260920
REV-0277-0,SIM-0277,S032,2026-09-04,2026-09-18,2026-09-18,37800.0,False,GTX Plus Pro,Growth,synthetic,planning-v2-seed-20260920
REV-0277-1,SIM-0277,S032,2026-09-04,2026-09-18,2026-10-18,25200.0,False,GTX Plus Pro,Growth,synthetic,planning-v2-seed-20260920
REV-0284-0,SIM-0284,S004,2026-03-08,2026-03-22,2026-03-22,50400.0,False,GTX Plus Pro,Enterprise,synthetic,planning-v2-seed-20260920
REV-0284-1,SIM-0284,S004,2026-03-08,2026-03-22,2026-04-21,33600.0,False,GTX Plus Pro,Enterprise,synthetic,planning-v2-seed-20260920
REV-0285-0,SIM-0285,S005,2026-06-27,2026-07-11,2026-07-11,38400.0,False,GTX Pro,Scale,synthetic,planning-v2-seed-20260920
REV-0285-1,SIM-0285,S005,2026-06-27,2026-07-11,2026-08-10,25600.0,False,GTX Pro,Scale,synthetic,planning-v2-seed-20260920
REV-0288-0,SIM-0288,S008,2026-05-25,2026-06-08,2026-06-08,18000.0,False,GTK 500,Scale,synthetic,planning-v2-seed-20260920
REV-0288-1,SIM-0288,S008,2026-05-25,2026-06-08,2026-07-08,12000.0,False,GTK 500,Scale,synthetic,planning-v2-seed-20260920
REV-0290-0,SIM-0290,S010,2026-07-22,2026-08-05,2026-08-05,59400.0,False,GTX Plus Basic,Enterprise,synthetic,planning-v2-seed-20260920
REV-0290-1,SIM-0290,S010,2026-07-22,2026-08-05,2026-09-04,39600.0,False,GTX Plus Basic,Enterprise,synthetic,planning-v2-seed-20260920
REV-0291-0,SIM-0291,S011,2026-03-28,2026-03-31,2026-03-31,28000,True,GTX Plus Pro,Scale,synthetic,planning-v2-seed-20260920
REV-0294-0,SIM-0294,S014,2026-03-29,2026-04-12,2026-04-12,18600.0,False,MG Special,Scale,synthetic,planning-v2-seed-20260920
REV-0294-1,SIM-0294,S014,2026-03-29,2026-04-12,2026-05-12,12400.0,False,MG Special,Scale,synthetic,planning-v2-seed-20260920
REV-0295-0,SIM-0295,S015,2026-02-15,2026-03-01,2026-03-01,23400.0,False,GTK 500,Growth,synthetic,planning-v2-seed-20260920
REV-0295-1,SIM-0295,S015,2026-02-15,2026-03-01,2026-03-31,15600.0,False,GTK 500,Growth,synthetic,planning-v2-seed-20260920
REV-0297-0,SIM-0297,S017,2026-02-02,2026-02-16,2026-02-16,50400.0,False,GTX Plus Basic,Scale,synthetic,planning-v2-seed-20260920
REV-0297-1,SIM-0297,S017,2026-02-02,2026-02-16,2026-03-18,33600.0,False,GTX Plus Basic,Scale,synthetic,planning-v2-seed-20260920
REV-0300-0,SIM-0300,S020,2026-05-18,2026-06-01,2026-06-01,52800.0,False,MG Advanced,Scale,synthetic,planning-v2-seed-20260920
REV-0300-1,SIM-0300,S020,2026-05-18,2026-06-01,2026-07-01,35200.0,False,MG Advanced,Scale,synthetic,planning-v2-seed-20260920
REV-0301-0,SIM-0301,S021,2026-09-04,2026-09-07,2026-09-07,49000,True,MG Special,Growth,synthetic,planning-v2-seed-20260920
REV-0304-0,SIM-0304,S024,2026-07-19,2026-08-02,2026-08-02,35400.0,False,GTX Plus Basic,Growth,synthetic,planning-v2-seed-20260920
REV-0304-1,SIM-0304,S024,2026-07-19,2026-08-02,2026-09-01,23600.0,False,GTX Plus Basic,Growth,synthetic,planning-v2-seed-20260920
REV-0316-0,SIM-0316,S001,2026-03-08,2026-03-11,2026-03-11,71000,True,GTK 500,Growth,synthetic,planning-v2-seed-20260920
REV-0319-0,SIM-0319,S004,2026-07-07,2026-07-21,2026-07-21,20400.0,False,GTX Plus Pro,Growth,synthetic,planning-v2-seed-20260920
REV-0319-1,SIM-0319,S004,2026-07-07,2026-07-21,2026-08-20,13600.0,False,GTX Plus Pro,Growth,synthetic,planning-v2-seed-20260920
REV-0321-0,SIM-0321,S006,2026-02-04,2026-02-07,2026-02-07,13000,True,MG Advanced,Scale,synthetic,planning-v2-seed-20260920
REV-0322-0,SIM-0322,S007,2026-06-17,2026-07-01,2026-07-01,57600.0,False,MG Special,Growth,synthetic,planning-v2-seed-20260920
REV-0322-1,SIM-0322,S007,2026-06-17,2026-07-01,2026-07-31,38400.0,False,MG Special,Growth,synthetic,planning-v2-seed-20260920
REV-0324-0,SIM-0324,S009,2026-02-27,2026-03-13,2026-03-13,21000.0,False,GTX Basic,Scale,synthetic,planning-v2-seed-20260920
REV-0324-1,SIM-0324,S009,2026-02-27,2026-03-13,2026-04-12,14000.0,False,GTX Basic,Scale,synthetic,planning-v2-seed-20260920
REV-0325-0,SIM-0325,S010,2026-04-04,2026-04-18,2026-04-18,7800.0,False,GTX Plus Basic,Growth,synthetic,planning-v2-seed-20260920
REV-0325-1,SIM-0325,S010,2026-04-04,2026-04-18,2026-05-18,5200.0,False,GTX Plus Basic,Growth,synthetic,planning-v2-seed-20260920
REV-0327-0,SIM-0327,S012,2026-07-07,2026-07-21,2026-07-21,33600.0,False,GTX Pro,Scale,synthetic,planning-v2-seed-20260920
REV-0327-1,SIM-0327,S012,2026-07-07,2026-07-21,2026-08-20,22400.0,False,GTX Pro,Scale,synthetic,planning-v2-seed-20260920
REV-0328-0,SIM-0328,S013,2026-05-01,2026-05-15,2026-05-15,6600.0,False,MG Advanced,Growth,synthetic,planning-v2-seed-20260920
REV-0328-1,SIM-0328,S013,2026-05-01,2026-05-15,2026-06-14,4400.0,False,MG Advanced,Growth,synthetic,planning-v2-seed-20260920
REV-0329-0,SIM-0329,S014,2026-08-03,2026-08-17,2026-08-17,53400.0,False,MG Special,Enterprise,synthetic,planning-v2-seed-20260920
REV-0329-1,SIM-0329,S014,2026-08-03,2026-08-17,2026-09-16,35600.0,False,MG Special,Enterprise,synthetic,planning-v2-seed-20260920
REV-0330-0,SIM-0330,S015,2026-04-29,2026-05-13,2026-05-13,45000.0,False,GTK 500,Scale,synthetic,planning-v2-seed-20260920
REV-0330-1,SIM-0330,S015,2026-04-29,2026-05-13,2026-06-12,30000.0,False,GTK 500,Scale,synthetic,planning-v2-seed-20260920
REV-0333-0,SIM-0333,S018,2026-05-15,2026-05-29,2026-05-29,24600.0,False,GTX Plus Pro,Scale,synthetic,planning-v2-seed-20260920
REV-0333-1,SIM-0333,S018,2026-05-15,2026-05-29,2026-06-28,16400.0,False,GTX Plus Pro,Scale,synthetic,planning-v2-seed-20260920
REV-0337-0,SIM-0337,S022,2026-03-02,2026-03-16,2026-03-16,12600.0,False,GTK 500,Growth,synthetic,planning-v2-seed-20260920
REV-0337-1,SIM-0337,S022,2026-03-02,2026-03-16,2026-04-15,8400.0,False,GTK 500,Growth,synthetic,planning-v2-seed-20260920
REV-0339-0,SIM-0339,S024,2026-06-14,2026-06-28,2026-06-28,26400.0,False,GTX Plus Basic,Scale,synthetic,planning-v2-seed-20260920
REV-0339-1,SIM-0339,S024,2026-06-14,2026-06-28,2026-07-28,17600.0,False,GTX Plus Basic,Scale,synthetic,planning-v2-seed-20260920
REV-0343-0,SIM-0343,S028,2026-07-07,2026-07-21,2026-07-21,32400.0,False,MG Special,Scale,synthetic,planning-v2-seed-20260920
REV-0343-1,SIM-0343,S028,2026-07-07,2026-07-21,2026-08-20,21600.0,False,MG Special,Scale,synthetic,planning-v2-seed-20260920
REV-0344-0,SIM-0344,S029,2026-05-02,2026-05-16,2026-05-16,4800.0,False,GTK 500,Growth,synthetic,planning-v2-seed-20260920
REV-0344-1,SIM-0344,S029,2026-05-02,2026-05-16,2026-06-15,3200.0,False,GTK 500,Growth,synthetic,planning-v2-seed-20260920
REV-0346-0,SIM-0346,S031,2026-09-10,2026-09-13,2026-09-13,79000,True,GTX Plus Basic,Scale,synthetic,planning-v2-seed-20260920
REV-0353-0,SIM-0353,S003,2026-07-07,2026-07-21,2026-07-21,33600.0,False,GTX Plus Basic,Growth,synthetic,planning-v2-seed-20260920
REV-0353-1,SIM-0353,S003,2026-07-07,2026-07-21,2026-08-20,22400.0,False,GTX Plus Basic,Growth,synthetic,planning-v2-seed-20260920
REV-0354-0,SIM-0354,S004,2026-07-02,2026-07-16,2026-07-16,22200.0,False,GTX Plus Pro,Enterprise,synthetic,planning-v2-seed-20260920
REV-0354-1,SIM-0354,S004,2026-07-02,2026-07-16,2026-08-15,14800.0,False,GTX Plus Pro,Enterprise,synthetic,planning-v2-seed-20260920
REV-0355-0,SIM-0355,S005,2026-01-28,2026-02-11,2026-02-11,56400.0,False,GTX Pro,Scale,synthetic,planning-v2-seed-20260920
REV-0355-1,SIM-0355,S005,2026-01-28,2026-02-11,2026-03-13,37600.0,False,GTX Pro,Scale,synthetic,planning-v2-seed-20260920
REV-0356-0,SIM-0356,S006,2026-03-14,2026-03-17,2026-03-17,70000,True,MG Advanced,Growth,synthetic,planning-v2-seed-20260920
REV-0357-0,SIM-0357,S007,2026-03-05,2026-03-19,2026-03-19,31800.0,False,MG Special,Enterprise,synthetic,planning-v2-seed-20260920
REV-0357-1,SIM-0357,S007,2026-03-05,2026-03-19,2026-04-18,21200.0,False,MG Special,Enterprise,synthetic,planning-v2-seed-20260920
REV-0358-0,SIM-0358,S008,2026-08-04,2026-08-18,2026-08-18,52200.0,False,GTK 500,Scale,synthetic,planning-v2-seed-20260920
REV-0358-1,SIM-0358,S008,2026-08-04,2026-08-18,2026-09-17,34800.0,False,GTK 500,Scale,synthetic,planning-v2-seed-20260920
REV-0366-0,SIM-0366,S016,2026-08-21,2026-08-24,2026-08-24,14000,True,GTX Basic,Enterprise,synthetic,planning-v2-seed-20260920
REV-0371-0,SIM-0371,S021,2026-07-25,2026-07-28,2026-07-28,82000,True,MG Special,Growth,synthetic,planning-v2-seed-20260920
REV-0372-0,SIM-0372,S022,2026-07-17,2026-07-31,2026-07-31,40200.0,False,GTK 500,Enterprise,synthetic,planning-v2-seed-20260920
REV-0372-1,SIM-0372,S022,2026-07-17,2026-07-31,2026-08-30,26800.0,False,GTK 500,Enterprise,synthetic,planning-v2-seed-20260920
REV-0377-0,SIM-0377,S027,2026-06-28,2026-07-12,2026-07-12,9000.0,False,MG Advanced,Growth,synthetic,planning-v2-seed-20260920
REV-0377-1,SIM-0377,S027,2026-06-28,2026-07-12,2026-08-11,6000.0,False,MG Advanced,Growth,synthetic,planning-v2-seed-20260920
REV-0379-0,SIM-0379,S029,2026-08-11,2026-08-25,2026-08-25,15600.0,False,GTK 500,Scale,synthetic,planning-v2-seed-20260920
REV-0379-1,SIM-0379,S029,2026-08-11,2026-08-25,2026-09-24,10400.0,False,GTK 500,Scale,synthetic,planning-v2-seed-20260920
REV-0381-0,SIM-0381,S031,2026-09-15,2026-09-18,2026-09-18,84000,True,GTX Plus Basic,Enterprise,synthetic,planning-v2-seed-20260920
REV-0387-0,SIM-0387,S002,2026-04-15,2026-04-29,2026-04-29,56400.0,False,GTX Basic,Enterprise,synthetic,planning-v2-seed-20260920
REV-0387-1,SIM-0387,S002,2026-04-15,2026-04-29,2026-05-29,37600.0,False,GTX Basic,Enterprise,synthetic,planning-v2-seed-20260920
REV-0389-0,SIM-0389,S004,2026-01-08,2026-01-22,2026-01-22,51000.0,False,GTX Plus Pro,Growth,synthetic,planning-v2-seed-20260920
REV-0389-1,SIM-0389,S004,2026-01-08,2026-01-22,2026-02-21,34000.0,False,GTX Plus Pro,Growth,synthetic,planning-v2-seed-20260920
REV-0390-0,SIM-0390,S005,2026-05-25,2026-06-08,2026-06-08,56400.0,False,GTX Pro,Enterprise,synthetic,planning-v2-seed-20260920
REV-0390-1,SIM-0390,S005,2026-05-25,2026-06-08,2026-07-08,37600.0,False,GTX Pro,Enterprise,synthetic,planning-v2-seed-20260920
REV-0391-0,SIM-0391,S006,2026-04-05,2026-04-08,2026-04-08,16000,True,MG Advanced,Scale,synthetic,planning-v2-seed-20260920
REV-0393-0,SIM-0393,S008,2026-06-26,2026-07-10,2026-07-10,8400.0,False,GTK 500,Enterprise,synthetic,planning-v2-seed-20260920
REV-0393-1,SIM-0393,S008,2026-06-26,2026-07-10,2026-08-09,5600.0,False,GTK 500,Enterprise,synthetic,planning-v2-seed-20260920
REV-0395-0,SIM-0395,S010,2026-09-06,2026-09-20,2026-09-20,42600.0,False,GTX Plus Basic,Growth,synthetic,planning-v2-seed-20260920
REV-0395-1,SIM-0395,S010,2026-09-06,2026-09-20,2026-10-20,28400.0,False,GTX Plus Basic,Growth,synthetic,planning-v2-seed-20260920
REV-0396-0,SIM-0396,S011,2026-05-01,2026-05-04,2026-05-04,48000,True,GTX Plus Pro,Enterprise,synthetic,planning-v2-seed-20260920
REV-0397-0,SIM-0397,S012,2026-04-16,2026-04-30,2026-04-30,24000.0,False,GTX Pro,Scale,synthetic,planning-v2-seed-20260920
REV-0397-1,SIM-0397,S012,2026-04-16,2026-04-30,2026-05-30,16000.0,False,GTX Pro,Scale,synthetic,planning-v2-seed-20260920
REV-0405-0,SIM-0405,S020,2026-07-24,2026-08-07,2026-08-07,21000.0,False,MG Advanced,Enterprise,synthetic,planning-v2-seed-20260920
REV-0405-1,SIM-0405,S020,2026-07-24,2026-08-07,2026-09-06,14000.0,False,MG Advanced,Enterprise,synthetic,planning-v2-seed-20260920
REV-0409-0,SIM-0409,S024,2026-03-18,2026-04-01,2026-04-01,59400.0,False,GTX Plus Basic,Scale,synthetic,planning-v2-seed-20260920
REV-0409-1,SIM-0409,S024,2026-03-18,2026-04-01,2026-05-01,39600.0,False,GTX Plus Basic,Scale,synthetic,planning-v2-seed-20260920
REV-0411-0,SIM-0411,S026,2026-03-12,2026-03-15,2026-03-15,60000,True,GTX Pro,Enterprise,synthetic,planning-v2-seed-20260920
REV-0412-0,SIM-0412,S027,2026-05-21,2026-06-04,2026-06-04,13800.0,False,MG Advanced,Scale,synthetic,planning-v2-seed-20260920
REV-0412-1,SIM-0412,S027,2026-05-21,2026-06-04,2026-07-04,9200.0,False,MG Advanced,Scale,synthetic,planning-v2-seed-20260920
REV-0413-0,SIM-0413,S028,2026-08-06,2026-08-20,2026-08-20,46200.0,False,MG Special,Growth,synthetic,planning-v2-seed-20260920
REV-0413-1,SIM-0413,S028,2026-08-06,2026-08-20,2026-09-19,30800.0,False,MG Special,Growth,synthetic,planning-v2-seed-20260920
REV-0415-0,SIM-0415,S030,2026-06-07,2026-06-21,2026-06-21,26400.0,False,GTX Basic,Scale,synthetic,planning-v2-seed-20260920
REV-0415-1,SIM-0415,S030,2026-06-07,2026-06-21,2026-07-21,17600.0,False,GTX Basic,Scale,synthetic,planning-v2-seed-20260920
REV-0421-0,SIM-0421,S001,2026-05-01,2026-05-04,2026-05-04,60000,True,GTK 500,Scale,synthetic,planning-v2-seed-20260920
REV-0422-0,SIM-0422,S002,2026-06-21,2026-07-05,2026-07-05,42600.0,False,GTX Basic,Growth,synthetic,planning-v2-seed-20260920
REV-0422-1,SIM-0422,S002,2026-06-21,2026-07-05,2026-08-04,28400.0,False,GTX Basic,Growth,synthetic,planning-v2-seed-20260920
REV-0430-0,SIM-0430,S010,2026-07-25,2026-08-08,2026-08-08,30000.0,False,GTX Plus Basic,Enterprise,synthetic,planning-v2-seed-20260920
REV-0430-1,SIM-0430,S010,2026-07-25,2026-08-08,2026-09-07,20000.0,False,GTX Plus Basic,Enterprise,synthetic,planning-v2-seed-20260920
REV-0431-0,SIM-0431,S011,2026-08-19,2026-08-22,2026-08-22,71000,True,GTX Plus Pro,Scale,synthetic,planning-v2-seed-20260920
REV-0433-0,SIM-0433,S013,2026-08-13,2026-08-27,2026-08-27,54000.0,False,MG Advanced,Enterprise,synthetic,planning-v2-seed-20260920
REV-0433-1,SIM-0433,S013,2026-08-13,2026-08-27,2026-09-26,36000.0,False,MG Advanced,Enterprise,synthetic,planning-v2-seed-20260920
REV-0434-0,SIM-0434,S014,2026-08-20,2026-09-03,2026-09-03,47400.0,False,MG Special,Scale,synthetic,planning-v2-seed-20260920
REV-0434-1,SIM-0434,S014,2026-08-20,2026-09-03,2026-10-03,31600.0,False,MG Special,Scale,synthetic,planning-v2-seed-20260920
REV-0435-0,SIM-0435,S015,2026-08-10,2026-08-24,2026-08-24,17400.0,False,GTK 500,Growth,synthetic,planning-v2-seed-20260920
REV-0435-1,SIM-0435,S015,2026-08-10,2026-08-24,2026-09-23,11600.0,False,GTK 500,Growth,synthetic,planning-v2-seed-20260920
REV-0438-0,SIM-0438,S018,2026-01-02,2026-01-16,2026-01-16,24000.0,False,GTX Plus Pro,Growth,synthetic,planning-v2-seed-20260920
REV-0438-1,SIM-0438,S018,2026-01-02,2026-01-16,2026-02-15,16000.0,False,GTX Plus Pro,Growth,synthetic,planning-v2-seed-20260920
REV-0442-0,SIM-0442,S022,2026-08-01,2026-08-15,2026-08-15,4800.0,False,GTK 500,Enterprise,synthetic,planning-v2-seed-20260920
REV-0442-1,SIM-0442,S022,2026-08-01,2026-08-15,2026-09-14,3200.0,False,GTK 500,Enterprise,synthetic,planning-v2-seed-20260920
REV-0443-0,SIM-0443,S023,2026-08-01,2026-08-15,2026-08-15,53400.0,False,GTX Basic,Scale,synthetic,planning-v2-seed-20260920
REV-0443-1,SIM-0443,S023,2026-08-01,2026-08-15,2026-09-14,35600.0,False,GTX Basic,Scale,synthetic,planning-v2-seed-20260920
REV-0444-0,SIM-0444,S024,2026-03-26,2026-04-09,2026-04-09,39000.0,False,GTX Plus Basic,Growth,synthetic,planning-v2-seed-20260920
REV-0444-1,SIM-0444,S024,2026-03-26,2026-04-09,2026-05-09,26000.0,False,GTX Plus Basic,Growth,synthetic,planning-v2-seed-20260920
REV-0445-0,SIM-0445,S025,2026-03-29,2026-04-12,2026-04-12,37800.0,False,GTX Plus Pro,Enterprise,synthetic,planning-v2-seed-20260920
REV-0445-1,SIM-0445,S025,2026-03-29,2026-04-12,2026-05-12,25200.0,False,GTX Plus Pro,Enterprise,synthetic,planning-v2-seed-20260920
REV-0447-0,SIM-0447,S027,2026-07-06,2026-07-20,2026-07-20,23400.0,False,MG Advanced,Growth,synthetic,planning-v2-seed-20260920
REV-0447-1,SIM-0447,S027,2026-07-06,2026-07-20,2026-08-19,15600.0,False,MG Advanced,Growth,synthetic,planning-v2-seed-20260920
REV-0448-0,SIM-0448,S028,2026-08-31,2026-09-14,2026-09-14,22200.0,False,MG Special,Enterprise,synthetic,planning-v2-seed-20260920
REV-0448-1,SIM-0448,S028,2026-08-31,2026-09-14,2026-10-14,14800.0,False,MG Special,Enterprise,synthetic,planning-v2-seed-20260920
REV-0449-0,SIM-0449,S029,2026-07-16,2026-07-30,2026-07-30,20400.0,False,GTK 500,Scale,synthetic,planning-v2-seed-20260920
REV-0449-1,SIM-0449,S029,2026-07-16,2026-07-30,2026-08-29,13600.0,False,GTK 500,Scale,synthetic,planning-v2-seed-20260920
REV-0456-0,SIM-0456,S001,2026-09-05,2026-09-08,2026-09-08,69000,True,GTK 500,Growth,synthetic,planning-v2-seed-20260920
REV-0458-0,SIM-0458,S003,2026-08-08,2026-08-22,2026-08-22,49200.0,False,GTX Plus Basic,Scale,synthetic,planning-v2-seed-20260920
REV-0458-1,SIM-0458,S003,2026-08-08,2026-08-22,2026-09-21,32800.0,False,GTX Plus Basic,Scale,synthetic,planning-v2-seed-20260920
REV-0459-0,SIM-0459,S004,2026-03-10,2026-03-24,2026-03-24,21000.0,False,GTX Plus Pro,Growth,synthetic,planning-v2-seed-20260920
REV-0459-1,SIM-0459,S004,2026-03-10,2026-03-24,2026-04-23,14000.0,False,GTX Plus Pro,Growth,synthetic,planning-v2-seed-20260920
REV-0461-0,SIM-0461,S006,2026-05-11,2026-05-14,2026-05-14,23000,True,MG Advanced,Scale,synthetic,planning-v2-seed-20260920
REV-0465-0,SIM-0465,S010,2026-06-25,2026-07-09,2026-07-09,25800.0,False,GTX Plus Basic,Growth,synthetic,planning-v2-seed-20260920
REV-0465-1,SIM-0465,S010,2026-06-25,2026-07-09,2026-08-08,17200.0,False,GTX Plus Basic,Growth,synthetic,planning-v2-seed-20260920
REV-0473-0,SIM-0473,S018,2026-07-02,2026-07-16,2026-07-16,39000.0,False,GTX Plus Pro,Scale,synthetic,planning-v2-seed-20260920
REV-0473-1,SIM-0473,S018,2026-07-02,2026-07-16,2026-08-15,26000.0,False,GTX Plus Pro,Scale,synthetic,planning-v2-seed-20260920
REV-0475-0,SIM-0475,S020,2026-06-03,2026-06-17,2026-06-17,37800.0,False,MG Advanced,Enterprise,synthetic,planning-v2-seed-20260920
REV-0475-1,SIM-0475,S020,2026-06-03,2026-06-17,2026-07-17,25200.0,False,MG Advanced,Enterprise,synthetic,planning-v2-seed-20260920
