id,customer_id,region,month,cohort,segment,opening_mrr,new_mrr,expansion_mrr,contraction_mrr,churn_mrr,closing_mrr,channel,source_kind,scenario_id
SUB-001-01,SAAS-001,Central,2026-01,2026-01,Growth,0,400,0,0,0,400,Outbound,synthetic,planning-v2-seed-20260920
SUB-001-02,SAAS-001,Central,2026-02,2026-01,Growth,400,0,0,0,0,400,Outbound,synthetic,planning-v2-seed-20260920
SUB-001-03,SAAS-001,Central,2026-03,2026-01,Growth,400,0,0,0,0,400,Outbound,synthetic,planning-v2-seed-20260920
SUB-001-04,SAAS-001,Central,2026-04,2026-01,Growth,400,0,0,0,0,400,Outbound,synthetic,planning-v2-seed-20260920
SUB-001-05,SAAS-001,Central,2026-05,2026-01,Growth,400,0,0,0,0,400,Outbound,synthetic,planning-v2-seed-20260920
SUB-001-06,SAAS-001,Central,2026-06,2026-01,Growth,400,0,0,0,0,400,Outbound,synthetic,planning-v2-seed-20260920
SUB-001-07,SAAS-001,Central,2026-07,2026-01,Growth,400,0,100,0,0,500,Outbound,synthetic,planning-v2-seed-20260920
SUB-001-08,SAAS-001,Central,2026-08,2026-01,Growth,500,0,0,0,0,500,Outbound,synthetic,planning-v2-seed-20260920
SUB-001-09,SAAS-001,Central,2026-09,2026-01,Growth,500,0,0,0,0,500,Outbound,synthetic,planning-v2-seed-20260920
SUB-002-02,SAAS-002,East,2026-02,2026-02,Enterprise,0,525,0,0,0,525,Inbound,synthetic,planning-v2-seed-20260920
SUB-002-03,SAAS-002,East,2026-03,2026-02,Enterprise,525,0,0,0,0,525,Inbound,synthetic,planning-v2-seed-20260920
SUB-002-04,SAAS-002,East,2026-04,2026-02,Enterprise,525,0,0,0,0,525,Inbound,synthetic,planning-v2-seed-20260920
SUB-002-05,SAAS-002,East,2026-05,2026-02,Enterprise,525,0,0,0,0,525,Inbound,synthetic,planning-v2-seed-20260920
SUB-002-06,SAAS-002,East,2026-06,2026-02,Enterprise,525,0,100,0,0,625,Inbound,synthetic,planning-v2-seed-20260920
SUB-002-07,SAAS-002,East,2026-07,2026-02,Enterprise,625,0,0,0,0,625,Inbound,synthetic,planning-v2-seed-20260920
SUB-002-08,SAAS-002,East,2026-08,2026-02,Enterprise,625,0,0,0,0,625,Inbound,synthetic,planning-v2-seed-20260920
SUB-002-09,SAAS-002,East,2026-09,2026-02,Enterprise,625,0,0,0,0,625,Inbound,synthetic,planning-v2-seed-20260920
SUB-003-03,SAAS-003,West,2026-03,2026-03,Scale,0,650,0,0,0,650,Partner,synthetic,planning-v2-seed-20260920
SUB-003-04,SAAS-003,West,2026-04,2026-03,Scale,650,0,0,0,0,650,Partner,synthetic,planning-v2-seed-20260920
SUB-003-05,SAAS-003,West,2026-05,2026-03,Scale,650,0,100,0,0,750,Partner,synthetic,planning-v2-seed-20260920
SUB-003-06,SAAS-003,West,2026-06,2026-03,Scale,750,0,0,0,0,750,Partner,synthetic,planning-v2-seed-20260920
SUB-003-07,SAAS-003,West,2026-07,2026-03,Scale,750,0,0,0,0,750,Partner,synthetic,planning-v2-seed-20260920
SUB-003-08,SAAS-003,West,2026-08,2026-03,Scale,750,0,0,0,0,750,Partner,synthetic,planning-v2-seed-20260920
SUB-003-09,SAAS-003,West,2026-09,2026-03,Scale,750,0,0,75,0,675,Partner,synthetic,planning-v2-seed-20260920
SUB-004-04,SAAS-004,Central,2026-04,2026-04,Growth,0,775,0,0,0,775,Outbound,synthetic,planning-v2-seed-20260920
SUB-004-05,SAAS-004,Central,2026-05,2026-04,Growth,775,0,0,0,0,775,Outbound,synthetic,planning-v2-seed-20260920
SUB-004-06,SAAS-004,Central,2026-06,2026-04,Growth,775,0,0,0,0,775,Outbound,synthetic,planning-v2-seed-20260920
SUB-004-07,SAAS-004,Central,2026-07,2026-04,Growth,775,0,0,0,0,775,Outbound,synthetic,planning-v2-seed-20260920
SUB-004-08,SAAS-004,Central,2026-08,2026-04,Growth,775,0,0,75,0,700,Outbound,synthetic,planning-v2-seed-20260920
SUB-004-09,SAAS-004,Central,2026-09,2026-04,Growth,700,0,0,0,0,700,Outbound,synthetic,planning-v2-seed-20260920
SUB-005-05,SAAS-005,East,2026-05,2026-05,Enterprise,0,900,0,0,0,900,Inbound,synthetic,planning-v2-seed-20260920
SUB-005-06,SAAS-005,East,2026-06,2026-05,Enterprise,900,0,0,0,0,900,Inbound,synthetic,planning-v2-seed-20260920
SUB-005-07,SAAS-005,East,2026-07,2026-05,Enterprise,900,0,0,75,0,825,Inbound,synthetic,planning-v2-seed-20260920
SUB-005-08,SAAS-005,East,2026-08,2026-05,Enterprise,825,0,0,0,0,825,Inbound,synthetic,planning-v2-seed-20260920
SUB-005-09,SAAS-005,East,2026-09,2026-05,Enterprise,825,0,0,0,0,825,Inbound,synthetic,planning-v2-seed-20260920
SUB-006-06,SAAS-006,West,2026-06,2026-06,Scale,0,1025,0,0,0,1025,Partner,synthetic,planning-v2-seed-20260920
SUB-006-07,SAAS-006,West,2026-07,2026-06,Scale,1025,0,0,0,0,1025,Partner,synthetic,planning-v2-seed-20260920
SUB-006-08,SAAS-006,West,2026-08,2026-06,Scale,1025,0,0,0,0,1025,Partner,synthetic,planning-v2-seed-20260920
SUB-006-09,SAAS-006,West,2026-09,2026-06,Scale,1025,0,100,0,0,1125,Partner,synthetic,planning-v2-seed-20260920
SUB-007-01,SAAS-007,Central,2026-01,2026-01,Growth,0,1150,0,0,0,1150,Outbound,synthetic,planning-v2-seed-20260920
SUB-007-02,SAAS-007,Central,2026-02,2026-01,Growth,1150,0,0,0,0,1150,Outbound,synthetic,planning-v2-seed-20260920
SUB-007-03,SAAS-007,Central,2026-03,2026-01,Growth,1150,0,0,0,0,1150,Outbound,synthetic,planning-v2-seed-20260920
SUB-007-04,SAAS-007,Central,2026-04,2026-01,Growth,1150,0,0,0,0,1150,Outbound,synthetic,planning-v2-seed-20260920
SUB-007-05,SAAS-007,Central,2026-05,2026-01,Growth,1150,0,0,75,0,1075,Outbound,synthetic,planning-v2-seed-20260920
SUB-007-06,SAAS-007,Central,2026-06,2026-01,Growth,1075,0,0,0,0,1075,Outbound,synthetic,planning-v2-seed-20260920
SUB-007-07,SAAS-007,Central,2026-07,2026-01,Growth,1075,0,0,0,0,1075,Outbound,synthetic,planning-v2-seed-20260920
SUB-007-08,SAAS-007,Central,2026-08,2026-01,Growth,1075,0,100,0,0,1175,Outbound,synthetic,planning-v2-seed-20260920
SUB-007-09,SAAS-007,Central,2026-09,2026-01,Growth,1175,0,0,0,0,1175,Outbound,synthetic,planning-v2-seed-20260920
SUB-008-02,SAAS-008,East,2026-02,2026-02,Enterprise,0,1275,0,0,0,1275,Inbound,synthetic,planning-v2-seed-20260920
SUB-008-03,SAAS-008,East,2026-03,2026-02,Enterprise,1275,0,0,0,0,1275,Inbound,synthetic,planning-v2-seed-20260920
SUB-008-04,SAAS-008,East,2026-04,2026-02,Enterprise,1275,0,0,75,0,1200,Inbound,synthetic,planning-v2-seed-20260920
SUB-008-05,SAAS-008,East,2026-05,2026-02,Enterprise,1200,0,0,0,0,1200,Inbound,synthetic,planning-v2-seed-20260920
SUB-008-06,SAAS-008,East,2026-06,2026-02,Enterprise,1200,0,0,0,0,1200,Inbound,synthetic,planning-v2-seed-20260920
SUB-008-07,SAAS-008,East,2026-07,2026-02,Enterprise,1200,0,100,0,0,1300,Inbound,synthetic,planning-v2-seed-20260920
SUB-008-08,SAAS-008,East,2026-08,2026-02,Enterprise,1300,0,0,0,0,1300,Inbound,synthetic,planning-v2-seed-20260920
SUB-008-09,SAAS-008,East,2026-09,2026-02,Enterprise,1300,0,0,0,0,1300,Inbound,synthetic,planning-v2-seed-20260920
SUB-009-03,SAAS-009,West,2026-03,2026-03,Scale,0,1400,0,0,0,1400,Partner,synthetic,planning-v2-seed-20260920
SUB-009-04,SAAS-009,West,2026-04,2026-03,Scale,1400,0,0,0,0,1400,Partner,synthetic,planning-v2-seed-20260920
SUB-009-05,SAAS-009,West,2026-05,2026-03,Scale,1400,0,0,0,0,1400,Partner,synthetic,planning-v2-seed-20260920
SUB-009-06,SAAS-009,West,2026-06,2026-03,Scale,1400,0,100,0,0,1500,Partner,synthetic,planning-v2-seed-20260920
SUB-009-07,SAAS-009,West,2026-07,2026-03,Scale,1500,0,0,0,0,1500,Partner,synthetic,planning-v2-seed-20260920
SUB-009-08,SAAS-009,West,2026-08,2026-03,Scale,1500,0,0,0,0,1500,Partner,synthetic,planning-v2-seed-20260920
SUB-009-09,SAAS-009,West,2026-09,2026-03,Scale,1500,0,0,0,0,1500,Partner,synthetic,planning-v2-seed-20260920
SUB-010-04,SAAS-010,Central,2026-04,2026-04,Growth,0,1525,0,0,0,1525,Outbound,synthetic,planning-v2-seed-20260920
SUB-010-05,SAAS-010,Central,2026-05,2026-04,Growth,1525,0,100,0,0,1625,Outbound,synthetic,planning-v2-seed-20260920
SUB-010-06,SAAS-010,Central,2026-06,2026-04,Growth,1625,0,0,0,0,1625,Outbound,synthetic,planning-v2-seed-20260920
SUB-010-07,SAAS-010,Central,2026-07,2026-04,Growth,1625,0,0,0,0,1625,Outbound,synthetic,planning-v2-seed-20260920
SUB-010-08,SAAS-010,Central,2026-08,2026-04,Growth,1625,0,0,0,0,1625,Outbound,synthetic,planning-v2-seed-20260920
SUB-010-09,SAAS-010,Central,2026-09,2026-04,Growth,1625,0,0,0,0,1625,Outbound,synthetic,planning-v2-seed-20260920
SUB-011-05,SAAS-011,East,2026-05,2026-05,Enterprise,0,400,0,0,0,400,Inbound,synthetic,planning-v2-seed-20260920
SUB-011-06,SAAS-011,East,2026-06,2026-05,Enterprise,400,0,0,0,0,400,Inbound,synthetic,planning-v2-seed-20260920
SUB-011-07,SAAS-011,East,2026-07,2026-05,Enterprise,400,0,0,0,0,400,Inbound,synthetic,planning-v2-seed-20260920
SUB-011-08,SAAS-011,East,2026-08,2026-05,Enterprise,400,0,0,0,0,400,Inbound,synthetic,planning-v2-seed-20260920
SUB-011-09,SAAS-011,East,2026-09,2026-05,Enterprise,400,0,0,0,0,400,Inbound,synthetic,planning-v2-seed-20260920
SUB-012-06,SAAS-012,West,2026-06,2026-06,Scale,0,525,0,0,0,525,Partner,synthetic,planning-v2-seed-20260920
SUB-012-07,SAAS-012,West,2026-07,2026-06,Scale,525,0,0,0,0,525,Partner,synthetic,planning-v2-seed-20260920
SUB-012-08,SAAS-012,West,2026-08,2026-06,Scale,525,0,0,0,0,525,Partner,synthetic,planning-v2-seed-20260920
SUB-012-09,SAAS-012,West,2026-09,2026-06,Scale,525,0,0,0,0,525,Partner,synthetic,planning-v2-seed-20260920
SUB-013-01,SAAS-013,Central,2026-01,2026-01,Growth,0,650,0,0,0,650,Outbound,synthetic,planning-v2-seed-20260920
SUB-013-02,SAAS-013,Central,2026-02,2026-01,Growth,650,0,100,0,0,750,Outbound,synthetic,planning-v2-seed-20260920
SUB-013-03,SAAS-013,Central,2026-03,2026-01,Growth,750,0,0,0,0,750,Outbound,synthetic,planning-v2-seed-20260920
SUB-013-04,SAAS-013,Central,2026-04,2026-01,Growth,750,0,0,0,0,750,Outbound,synthetic,planning-v2-seed-20260920
SUB-013-05,SAAS-013,Central,2026-05,2026-01,Growth,750,0,0,0,0,750,Outbound,synthetic,planning-v2-seed-20260920
SUB-013-06,SAAS-013,Central,2026-06,2026-01,Growth,750,0,0,0,0,750,Outbound,synthetic,planning-v2-seed-20260920
SUB-013-07,SAAS-013,Central,2026-07,2026-01,Growth,750,0,0,0,0,750,Outbound,synthetic,planning-v2-seed-20260920
SUB-013-08,SAAS-013,Central,2026-08,2026-01,Growth,750,0,0,0,0,750,Outbound,synthetic,planning-v2-seed-20260920
SUB-013-09,SAAS-013,Central,2026-09,2026-01,Growth,750,0,100,0,0,850,Outbound,synthetic,planning-v2-seed-20260920
SUB-014-02,SAAS-014,East,2026-02,2026-02,Enterprise,0,775,0,0,0,775,Inbound,synthetic,planning-v2-seed-20260920
SUB-014-03,SAAS-014,East,2026-03,2026-02,Enterprise,775,0,0,0,0,775,Inbound,synthetic,planning-v2-seed-20260920
SUB-014-04,SAAS-014,East,2026-04,2026-02,Enterprise,775,0,0,0,0,775,Inbound,synthetic,planning-v2-seed-20260920
SUB-014-05,SAAS-014,East,2026-05,2026-02,Enterprise,775,0,0,0,0,775,Inbound,synthetic,planning-v2-seed-20260920
SUB-014-06,SAAS-014,East,2026-06,2026-02,Enterprise,775,0,0,0,0,775,Inbound,synthetic,planning-v2-seed-20260920
SUB-014-07,SAAS-014,East,2026-07,2026-02,Enterprise,775,0,0,0,0,775,Inbound,synthetic,planning-v2-seed-20260920
SUB-014-08,SAAS-014,East,2026-08,2026-02,Enterprise,775,0,100,0,0,875,Inbound,synthetic,planning-v2-seed-20260920
SUB-014-09,SAAS-014,East,2026-09,2026-02,Enterprise,875,0,0,75,0,800,Inbound,synthetic,planning-v2-seed-20260920
SUB-015-03,SAAS-015,West,2026-03,2026-03,Scale,0,900,0,0,0,900,Partner,synthetic,planning-v2-seed-20260920
SUB-015-04,SAAS-015,West,2026-04,2026-03,Scale,900,0,0,0,0,900,Partner,synthetic,planning-v2-seed-20260920
SUB-015-05,SAAS-015,West,2026-05,2026-03,Scale,900,0,0,0,0,900,Partner,synthetic,planning-v2-seed-20260920
SUB-015-06,SAAS-015,West,2026-06,2026-03,Scale,900,0,0,0,0,900,Partner,synthetic,planning-v2-seed-20260920
SUB-015-07,SAAS-015,West,2026-07,2026-03,Scale,900,0,100,0,0,1000,Partner,synthetic,planning-v2-seed-20260920
SUB-015-08,SAAS-015,West,2026-08,2026-03,Scale,1000,0,0,75,0,925,Partner,synthetic,planning-v2-seed-20260920
SUB-015-09,SAAS-015,West,2026-09,2026-03,Scale,925,0,0,0,925,0,Partner,synthetic,planning-v2-seed-20260920
SUB-016-04,SAAS-016,Central,2026-04,2026-04,Growth,0,1025,0,0,0,1025,Outbound,synthetic,planning-v2-seed-20260920
SUB-016-05,SAAS-016,Central,2026-05,2026-04,Growth,1025,0,0,0,0,1025,Outbound,synthetic,planning-v2-seed-20260920
SUB-016-06,SAAS-016,Central,2026-06,2026-04,Growth,1025,0,100,0,0,1125,Outbound,synthetic,planning-v2-seed-20260920
SUB-016-07,SAAS-016,Central,2026-07,2026-04,Growth,1125,0,0,75,0,1050,Outbound,synthetic,planning-v2-seed-20260920
SUB-016-08,SAAS-016,Central,2026-08,2026-04,Growth,1050,0,0,0,1050,0,Outbound,synthetic,planning-v2-seed-20260920
SUB-016-09,SAAS-016,Central,2026-09,2026-04,Growth,0,0,0,0,0,0,Outbound,synthetic,planning-v2-seed-20260920
SUB-017-05,SAAS-017,East,2026-05,2026-05,Enterprise,0,1150,0,0,0,1150,Inbound,synthetic,planning-v2-seed-20260920
SUB-017-06,SAAS-017,East,2026-06,2026-05,Enterprise,1150,0,0,75,0,1075,Inbound,synthetic,planning-v2-seed-20260920
SUB-017-07,SAAS-017,East,2026-07,2026-05,Enterprise,1075,0,0,0,1075,0,Inbound,synthetic,planning-v2-seed-20260920
SUB-017-08,SAAS-017,East,2026-08,2026-05,Enterprise,0,0,0,0,0,0,Inbound,synthetic,planning-v2-seed-20260920
SUB-017-09,SAAS-017,East,2026-09,2026-05,Enterprise,0,0,0,0,0,0,Inbound,synthetic,planning-v2-seed-20260920
SUB-018-06,SAAS-018,West,2026-06,2026-06,Scale,0,1275,0,0,0,1275,Partner,synthetic,planning-v2-seed-20260920
SUB-018-07,SAAS-018,West,2026-07,2026-06,Scale,1275,0,0,0,0,1275,Partner,synthetic,planning-v2-seed-20260920
SUB-018-08,SAAS-018,West,2026-08,2026-06,Scale,1275,0,0,0,0,1275,Partner,synthetic,planning-v2-seed-20260920
SUB-018-09,SAAS-018,West,2026-09,2026-06,Scale,1275,0,0,0,0,1275,Partner,synthetic,planning-v2-seed-20260920
SUB-019-01,SAAS-019,Central,2026-01,2026-01,Growth,0,1400,0,0,0,1400,Outbound,synthetic,planning-v2-seed-20260920
SUB-019-02,SAAS-019,Central,2026-02,2026-01,Growth,1400,0,0,0,0,1400,Outbound,synthetic,planning-v2-seed-20260920
SUB-019-03,SAAS-019,Central,2026-03,2026-01,Growth,1400,0,100,0,0,1500,Outbound,synthetic,planning-v2-seed-20260920
SUB-019-04,SAAS-019,Central,2026-04,2026-01,Growth,1500,0,0,75,0,1425,Outbound,synthetic,planning-v2-seed-20260920
SUB-019-05,SAAS-019,Central,2026-05,2026-01,Growth,1425,0,0,0,1425,0,Outbound,synthetic,planning-v2-seed-20260920
SUB-019-06,SAAS-019,Central,2026-06,2026-01,Growth,0,0,0,0,0,0,Outbound,synthetic,planning-v2-seed-20260920
SUB-019-07,SAAS-019,Central,2026-07,2026-01,Growth,0,0,0,0,0,0,Outbound,synthetic,planning-v2-seed-20260920
SUB-019-08,SAAS-019,Central,2026-08,2026-01,Growth,0,0,0,0,0,0,Outbound,synthetic,planning-v2-seed-20260920
SUB-019-09,SAAS-019,Central,2026-09,2026-01,Growth,0,0,0,0,0,0,Outbound,synthetic,planning-v2-seed-20260920
SUB-020-02,SAAS-020,East,2026-02,2026-02,Enterprise,0,1525,0,0,0,1525,Inbound,synthetic,planning-v2-seed-20260920
SUB-020-03,SAAS-020,East,2026-03,2026-02,Enterprise,1525,0,0,75,0,1450,Inbound,synthetic,planning-v2-seed-20260920
SUB-020-04,SAAS-020,East,2026-04,2026-02,Enterprise,1450,0,0,0,1450,0,Inbound,synthetic,planning-v2-seed-20260920
SUB-020-05,SAAS-020,East,2026-05,2026-02,Enterprise,0,0,0,0,0,0,Inbound,synthetic,planning-v2-seed-20260920
SUB-020-06,SAAS-020,East,2026-06,2026-02,Enterprise,0,0,0,0,0,0,Inbound,synthetic,planning-v2-seed-20260920
SUB-020-07,SAAS-020,East,2026-07,2026-02,Enterprise,0,0,0,0,0,0,Inbound,synthetic,planning-v2-seed-20260920
SUB-020-08,SAAS-020,East,2026-08,2026-02,Enterprise,0,0,0,0,0,0,Inbound,synthetic,planning-v2-seed-20260920
SUB-020-09,SAAS-020,East,2026-09,2026-02,Enterprise,0,0,0,0,0,0,Inbound,synthetic,planning-v2-seed-20260920
SUB-021-03,SAAS-021,West,2026-03,2026-03,Scale,0,400,0,0,0,400,Partner,synthetic,planning-v2-seed-20260920
SUB-021-04,SAAS-021,West,2026-04,2026-03,Scale,400,0,0,0,0,400,Partner,synthetic,planning-v2-seed-20260920
SUB-021-05,SAAS-021,West,2026-05,2026-03,Scale,400,0,0,0,0,400,Partner,synthetic,planning-v2-seed-20260920
SUB-021-06,SAAS-021,West,2026-06,2026-03,Scale,400,0,0,0,0,400,Partner,synthetic,planning-v2-seed-20260920
SUB-021-07,SAAS-021,West,2026-07,2026-03,Scale,400,0,0,0,0,400,Partner,synthetic,planning-v2-seed-20260920
SUB-021-08,SAAS-021,West,2026-08,2026-03,Scale,400,0,100,0,0,500,Partner,synthetic,planning-v2-seed-20260920
SUB-021-09,SAAS-021,West,2026-09,2026-03,Scale,500,0,0,0,0,500,Partner,synthetic,planning-v2-seed-20260920
SUB-022-04,SAAS-022,Central,2026-04,2026-04,Growth,0,525,0,0,0,525,Outbound,synthetic,planning-v2-seed-20260920
SUB-022-05,SAAS-022,Central,2026-05,2026-04,Growth,525,0,0,0,0,525,Outbound,synthetic,planning-v2-seed-20260920
SUB-022-06,SAAS-022,Central,2026-06,2026-04,Growth,525,0,0,0,0,525,Outbound,synthetic,planning-v2-seed-20260920
SUB-022-07,SAAS-022,Central,2026-07,2026-04,Growth,525,0,100,0,0,625,Outbound,synthetic,planning-v2-seed-20260920
SUB-022-08,SAAS-022,Central,2026-08,2026-04,Growth,625,0,0,0,0,625,Outbound,synthetic,planning-v2-seed-20260920
SUB-022-09,SAAS-022,Central,2026-09,2026-04,Growth,625,0,0,0,0,625,Outbound,synthetic,planning-v2-seed-20260920
SUB-023-05,SAAS-023,East,2026-05,2026-05,Enterprise,0,650,0,0,0,650,Inbound,synthetic,planning-v2-seed-20260920
SUB-023-06,SAAS-023,East,2026-06,2026-05,Enterprise,650,0,100,0,0,750,Inbound,synthetic,planning-v2-seed-20260920
SUB-023-07,SAAS-023,East,2026-07,2026-05,Enterprise,750,0,0,0,0,750,Inbound,synthetic,planning-v2-seed-20260920
SUB-023-08,SAAS-023,East,2026-08,2026-05,Enterprise,750,0,0,0,0,750,Inbound,synthetic,planning-v2-seed-20260920
SUB-023-09,SAAS-023,East,2026-09,2026-05,Enterprise,750,0,0,0,0,750,Inbound,synthetic,planning-v2-seed-20260920
SUB-024-06,SAAS-024,West,2026-06,2026-06,Scale,0,775,0,0,0,775,Partner,synthetic,planning-v2-seed-20260920
SUB-024-07,SAAS-024,West,2026-07,2026-06,Scale,775,0,0,0,0,775,Partner,synthetic,planning-v2-seed-20260920
SUB-024-08,SAAS-024,West,2026-08,2026-06,Scale,775,0,0,0,0,775,Partner,synthetic,planning-v2-seed-20260920
SUB-024-09,SAAS-024,West,2026-09,2026-06,Scale,775,0,0,0,0,775,Partner,synthetic,planning-v2-seed-20260920
SUB-025-01,SAAS-025,Central,2026-01,2026-01,Growth,0,900,0,0,0,900,Outbound,synthetic,planning-v2-seed-20260920
SUB-025-02,SAAS-025,Central,2026-02,2026-01,Growth,900,0,0,0,0,900,Outbound,synthetic,planning-v2-seed-20260920
SUB-025-03,SAAS-025,Central,2026-03,2026-01,Growth,900,0,0,0,0,900,Outbound,synthetic,planning-v2-seed-20260920
SUB-025-04,SAAS-025,Central,2026-04,2026-01,Growth,900,0,100,0,0,1000,Outbound,synthetic,planning-v2-seed-20260920
SUB-025-05,SAAS-025,Central,2026-05,2026-01,Growth,1000,0,0,0,0,1000,Outbound,synthetic,planning-v2-seed-20260920
SUB-025-06,SAAS-025,Central,2026-06,2026-01,Growth,1000,0,0,0,0,1000,Outbound,synthetic,planning-v2-seed-20260920
SUB-025-07,SAAS-025,Central,2026-07,2026-01,Growth,1000,0,0,0,0,1000,Outbound,synthetic,planning-v2-seed-20260920
SUB-025-08,SAAS-025,Central,2026-08,2026-01,Growth,1000,0,0,0,0,1000,Outbound,synthetic,planning-v2-seed-20260920
SUB-025-09,SAAS-025,Central,2026-09,2026-01,Growth,1000,0,0,75,0,925,Outbound,synthetic,planning-v2-seed-20260920
SUB-026-02,SAAS-026,East,2026-02,2026-02,Enterprise,0,1025,0,0,0,1025,Inbound,synthetic,planning-v2-seed-20260920
SUB-026-03,SAAS-026,East,2026-03,2026-02,Enterprise,1025,0,100,0,0,1125,Inbound,synthetic,planning-v2-seed-20260920
SUB-026-04,SAAS-026,East,2026-04,2026-02,Enterprise,1125,0,0,0,0,1125,Inbound,synthetic,planning-v2-seed-20260920
SUB-026-05,SAAS-026,East,2026-05,2026-02,Enterprise,1125,0,0,0,0,1125,Inbound,synthetic,planning-v2-seed-20260920
SUB-026-06,SAAS-026,East,2026-06,2026-02,Enterprise,1125,0,0,0,0,1125,Inbound,synthetic,planning-v2-seed-20260920
SUB-026-07,SAAS-026,East,2026-07,2026-02,Enterprise,1125,0,0,0,0,1125,Inbound,synthetic,planning-v2-seed-20260920
SUB-026-08,SAAS-026,East,2026-08,2026-02,Enterprise,1125,0,0,75,0,1050,Inbound,synthetic,planning-v2-seed-20260920
SUB-026-09,SAAS-026,East,2026-09,2026-02,Enterprise,1050,0,0,0,0,1050,Inbound,synthetic,planning-v2-seed-20260920
SUB-027-03,SAAS-027,West,2026-03,2026-03,Scale,0,1150,0,0,0,1150,Partner,synthetic,planning-v2-seed-20260920
SUB-027-04,SAAS-027,West,2026-04,2026-03,Scale,1150,0,0,0,0,1150,Partner,synthetic,planning-v2-seed-20260920
SUB-027-05,SAAS-027,West,2026-05,2026-03,Scale,1150,0,0,0,0,1150,Partner,synthetic,planning-v2-seed-20260920
SUB-027-06,SAAS-027,West,2026-06,2026-03,Scale,1150,0,0,0,0,1150,Partner,synthetic,planning-v2-seed-20260920
SUB-027-07,SAAS-027,West,2026-07,2026-03,Scale,1150,0,0,75,0,1075,Partner,synthetic,planning-v2-seed-20260920
SUB-027-08,SAAS-027,West,2026-08,2026-03,Scale,1075,0,0,0,0,1075,Partner,synthetic,planning-v2-seed-20260920
SUB-027-09,SAAS-027,West,2026-09,2026-03,Scale,1075,0,100,0,0,1175,Partner,synthetic,planning-v2-seed-20260920
SUB-028-04,SAAS-028,Central,2026-04,2026-04,Growth,0,1275,0,0,0,1275,Outbound,synthetic,planning-v2-seed-20260920
SUB-028-05,SAAS-028,Central,2026-05,2026-04,Growth,1275,0,0,0,0,1275,Outbound,synthetic,planning-v2-seed-20260920
SUB-028-06,SAAS-028,Central,2026-06,2026-04,Growth,1275,0,0,75,0,1200,Outbound,synthetic,planning-v2-seed-20260920
SUB-028-07,SAAS-028,Central,2026-07,2026-04,Growth,1200,0,0,0,0,1200,Outbound,synthetic,planning-v2-seed-20260920
SUB-028-08,SAAS-028,Central,2026-08,2026-04,Growth,1200,0,100,0,0,1300,Outbound,synthetic,planning-v2-seed-20260920
SUB-028-09,SAAS-028,Central,2026-09,2026-04,Growth,1300,0,0,0,0,1300,Outbound,synthetic,planning-v2-seed-20260920
SUB-029-05,SAAS-029,East,2026-05,2026-05,Enterprise,0,1400,0,0,0,1400,Inbound,synthetic,planning-v2-seed-20260920
SUB-029-06,SAAS-029,East,2026-06,2026-05,Enterprise,1400,0,0,0,0,1400,Inbound,synthetic,planning-v2-seed-20260920
SUB-029-07,SAAS-029,East,2026-07,2026-05,Enterprise,1400,0,100,0,0,1500,Inbound,synthetic,planning-v2-seed-20260920
SUB-029-08,SAAS-029,East,2026-08,2026-05,Enterprise,1500,0,0,0,0,1500,Inbound,synthetic,planning-v2-seed-20260920
SUB-029-09,SAAS-029,East,2026-09,2026-05,Enterprise,1500,0,0,0,0,1500,Inbound,synthetic,planning-v2-seed-20260920
SUB-030-06,SAAS-030,West,2026-06,2026-06,Scale,0,1525,0,0,0,1525,Partner,synthetic,planning-v2-seed-20260920
SUB-030-07,SAAS-030,West,2026-07,2026-06,Scale,1525,0,0,0,0,1525,Partner,synthetic,planning-v2-seed-20260920
SUB-030-08,SAAS-030,West,2026-08,2026-06,Scale,1525,0,0,0,0,1525,Partner,synthetic,planning-v2-seed-20260920
SUB-030-09,SAAS-030,West,2026-09,2026-06,Scale,1525,0,0,0,0,1525,Partner,synthetic,planning-v2-seed-20260920
SUB-031-01,SAAS-031,Central,2026-01,2026-01,Growth,0,400,0,0,0,400,Outbound,synthetic,planning-v2-seed-20260920
SUB-031-02,SAAS-031,Central,2026-02,2026-01,Growth,400,0,0,0,0,400,Outbound,synthetic,planning-v2-seed-20260920
SUB-031-03,SAAS-031,Central,2026-03,2026-01,Growth,400,0,0,75,0,325,Outbound,synthetic,planning-v2-seed-20260920
SUB-031-04,SAAS-031,Central,2026-04,2026-01,Growth,325,0,0,0,0,325,Outbound,synthetic,planning-v2-seed-20260920
SUB-031-05,SAAS-031,Central,2026-05,2026-01,Growth,325,0,100,0,0,425,Outbound,synthetic,planning-v2-seed-20260920
SUB-031-06,SAAS-031,Central,2026-06,2026-01,Growth,425,0,0,0,0,425,Outbound,synthetic,planning-v2-seed-20260920
SUB-031-07,SAAS-031,Central,2026-07,2026-01,Growth,425,0,0,0,0,425,Outbound,synthetic,planning-v2-seed-20260920
SUB-031-08,SAAS-031,Central,2026-08,2026-01,Growth,425,0,0,0,0,425,Outbound,synthetic,planning-v2-seed-20260920
SUB-031-09,SAAS-031,Central,2026-09,2026-01,Growth,425,0,0,0,0,425,Outbound,synthetic,planning-v2-seed-20260920
SUB-032-02,SAAS-032,East,2026-02,2026-02,Enterprise,0,525,0,0,0,525,Inbound,synthetic,planning-v2-seed-20260920
SUB-032-03,SAAS-032,East,2026-03,2026-02,Enterprise,525,0,0,0,0,525,Inbound,synthetic,planning-v2-seed-20260920
SUB-032-04,SAAS-032,East,2026-04,2026-02,Enterprise,525,0,100,0,0,625,Inbound,synthetic,planning-v2-seed-20260920
SUB-032-05,SAAS-032,East,2026-05,2026-02,Enterprise,625,0,0,0,0,625,Inbound,synthetic,planning-v2-seed-20260920
SUB-032-06,SAAS-032,East,2026-06,2026-02,Enterprise,625,0,0,0,0,625,Inbound,synthetic,planning-v2-seed-20260920
SUB-032-07,SAAS-032,East,2026-07,2026-02,Enterprise,625,0,0,0,0,625,Inbound,synthetic,planning-v2-seed-20260920
SUB-032-08,SAAS-032,East,2026-08,2026-02,Enterprise,625,0,0,0,0,625,Inbound,synthetic,planning-v2-seed-20260920
SUB-032-09,SAAS-032,East,2026-09,2026-02,Enterprise,625,0,0,0,0,625,Inbound,synthetic,planning-v2-seed-20260920
SUB-033-03,SAAS-033,West,2026-03,2026-03,Scale,0,650,0,0,0,650,Partner,synthetic,planning-v2-seed-20260920
SUB-033-04,SAAS-033,West,2026-04,2026-03,Scale,650,0,0,0,0,650,Partner,synthetic,planning-v2-seed-20260920
SUB-033-05,SAAS-033,West,2026-05,2026-03,Scale,650,0,0,0,0,650,Partner,synthetic,planning-v2-seed-20260920
SUB-033-06,SAAS-033,West,2026-06,2026-03,Scale,650,0,0,0,0,650,Partner,synthetic,planning-v2-seed-20260920
SUB-033-07,SAAS-033,West,2026-07,2026-03,Scale,650,0,0,0,0,650,Partner,synthetic,planning-v2-seed-20260920
SUB-033-08,SAAS-033,West,2026-08,2026-03,Scale,650,0,0,0,0,650,Partner,synthetic,planning-v2-seed-20260920
SUB-033-09,SAAS-033,West,2026-09,2026-03,Scale,650,0,0,0,0,650,Partner,synthetic,planning-v2-seed-20260920
SUB-034-04,SAAS-034,Central,2026-04,2026-04,Growth,0,775,0,0,0,775,Outbound,synthetic,planning-v2-seed-20260920
SUB-034-05,SAAS-034,Central,2026-05,2026-04,Growth,775,0,0,0,0,775,Outbound,synthetic,planning-v2-seed-20260920
SUB-034-06,SAAS-034,Central,2026-06,2026-04,Growth,775,0,0,0,0,775,Outbound,synthetic,planning-v2-seed-20260920
SUB-034-07,SAAS-034,Central,2026-07,2026-04,Growth,775,0,0,0,0,775,Outbound,synthetic,planning-v2-seed-20260920
SUB-034-08,SAAS-034,Central,2026-08,2026-04,Growth,775,0,0,0,0,775,Outbound,synthetic,planning-v2-seed-20260920
SUB-034-09,SAAS-034,Central,2026-09,2026-04,Growth,775,0,100,0,0,875,Outbound,synthetic,planning-v2-seed-20260920
SUB-035-05,SAAS-035,East,2026-05,2026-05,Enterprise,0,900,0,0,0,900,Inbound,synthetic,planning-v2-seed-20260920
SUB-035-06,SAAS-035,East,2026-06,2026-05,Enterprise,900,0,0,0,0,900,Inbound,synthetic,planning-v2-seed-20260920
SUB-035-07,SAAS-035,East,2026-07,2026-05,Enterprise,900,0,0,0,0,900,Inbound,synthetic,planning-v2-seed-20260920
SUB-035-08,SAAS-035,East,2026-08,2026-05,Enterprise,900,0,100,0,0,1000,Inbound,synthetic,planning-v2-seed-20260920
SUB-035-09,SAAS-035,East,2026-09,2026-05,Enterprise,1000,0,0,0,0,1000,Inbound,synthetic,planning-v2-seed-20260920
SUB-036-06,SAAS-036,West,2026-06,2026-06,Scale,0,1025,0,0,0,1025,Partner,synthetic,planning-v2-seed-20260920
SUB-036-07,SAAS-036,West,2026-07,2026-06,Scale,1025,0,100,0,0,1125,Partner,synthetic,planning-v2-seed-20260920
SUB-036-08,SAAS-036,West,2026-08,2026-06,Scale,1125,0,0,0,0,1125,Partner,synthetic,planning-v2-seed-20260920
SUB-036-09,SAAS-036,West,2026-09,2026-06,Scale,1125,0,0,75,0,1050,Partner,synthetic,planning-v2-seed-20260920
SUB-037-01,SAAS-037,Central,2026-01,2026-01,Growth,0,1150,0,0,0,1150,Outbound,synthetic,planning-v2-seed-20260920
SUB-037-02,SAAS-037,Central,2026-02,2026-01,Growth,1150,0,0,0,0,1150,Outbound,synthetic,planning-v2-seed-20260920
SUB-037-03,SAAS-037,Central,2026-03,2026-01,Growth,1150,0,0,0,0,1150,Outbound,synthetic,planning-v2-seed-20260920
SUB-037-04,SAAS-037,Central,2026-04,2026-01,Growth,1150,0,0,0,0,1150,Outbound,synthetic,planning-v2-seed-20260920
SUB-037-05,SAAS-037,Central,2026-05,2026-01,Growth,1150,0,0,0,0,1150,Outbound,synthetic,planning-v2-seed-20260920
SUB-037-06,SAAS-037,Central,2026-06,2026-01,Growth,1150,0,100,0,0,1250,Outbound,synthetic,planning-v2-seed-20260920
SUB-037-07,SAAS-037,Central,2026-07,2026-01,Growth,1250,0,0,0,0,1250,Outbound,synthetic,planning-v2-seed-20260920
SUB-037-08,SAAS-037,Central,2026-08,2026-01,Growth,1250,0,0,75,0,1175,Outbound,synthetic,planning-v2-seed-20260920
SUB-037-09,SAAS-037,Central,2026-09,2026-01,Growth,1175,0,0,0,0,1175,Outbound,synthetic,planning-v2-seed-20260920
SUB-038-02,SAAS-038,East,2026-02,2026-02,Enterprise,0,1275,0,0,0,1275,Inbound,synthetic,planning-v2-seed-20260920
SUB-038-03,SAAS-038,East,2026-03,2026-02,Enterprise,1275,0,0,0,0,1275,Inbound,synthetic,planning-v2-seed-20260920
SUB-038-04,SAAS-038,East,2026-04,2026-02,Enterprise,1275,0,0,0,0,1275,Inbound,synthetic,planning-v2-seed-20260920
SUB-038-05,SAAS-038,East,2026-05,2026-02,Enterprise,1275,0,100,0,0,1375,Inbound,synthetic,planning-v2-seed-20260920
SUB-038-06,SAAS-038,East,2026-06,2026-02,Enterprise,1375,0,0,0,0,1375,Inbound,synthetic,planning-v2-seed-20260920
SUB-038-07,SAAS-038,East,2026-07,2026-02,Enterprise,1375,0,0,75,0,1300,Inbound,synthetic,planning-v2-seed-20260920
SUB-038-08,SAAS-038,East,2026-08,2026-02,Enterprise,1300,0,0,0,0,1300,Inbound,synthetic,planning-v2-seed-20260920
SUB-038-09,SAAS-038,East,2026-09,2026-02,Enterprise,1300,0,0,0,1300,0,Inbound,synthetic,planning-v2-seed-20260920
SUB-039-03,SAAS-039,West,2026-03,2026-03,Scale,0,1400,0,0,0,1400,Partner,synthetic,planning-v2-seed-20260920
SUB-039-04,SAAS-039,West,2026-04,2026-03,Scale,1400,0,100,0,0,1500,Partner,synthetic,planning-v2-seed-20260920
SUB-039-05,SAAS-039,West,2026-05,2026-03,Scale,1500,0,0,0,0,1500,Partner,synthetic,planning-v2-seed-20260920
SUB-039-06,SAAS-039,West,2026-06,2026-03,Scale,1500,0,0,75,0,1425,Partner,synthetic,planning-v2-seed-20260920
SUB-039-07,SAAS-039,West,2026-07,2026-03,Scale,1425,0,0,0,0,1425,Partner,synthetic,planning-v2-seed-20260920
SUB-039-08,SAAS-039,West,2026-08,2026-03,Scale,1425,0,0,0,1425,0,Partner,synthetic,planning-v2-seed-20260920
SUB-039-09,SAAS-039,West,2026-09,2026-03,Scale,0,0,0,0,0,0,Partner,synthetic,planning-v2-seed-20260920
SUB-040-04,SAAS-040,Central,2026-04,2026-04,Growth,0,1525,0,0,0,1525,Outbound,synthetic,planning-v2-seed-20260920
SUB-040-05,SAAS-040,Central,2026-05,2026-04,Growth,1525,0,0,75,0,1450,Outbound,synthetic,planning-v2-seed-20260920
SUB-040-06,SAAS-040,Central,2026-06,2026-04,Growth,1450,0,0,0,0,1450,Outbound,synthetic,planning-v2-seed-20260920
SUB-040-07,SAAS-040,Central,2026-07,2026-04,Growth,1450,0,0,0,1450,0,Outbound,synthetic,planning-v2-seed-20260920
SUB-040-08,SAAS-040,Central,2026-08,2026-04,Growth,0,0,0,0,0,0,Outbound,synthetic,planning-v2-seed-20260920
SUB-040-09,SAAS-040,Central,2026-09,2026-04,Growth,0,0,0,0,0,0,Outbound,synthetic,planning-v2-seed-20260920
SUB-041-05,SAAS-041,East,2026-05,2026-05,Enterprise,0,400,0,0,0,400,Inbound,synthetic,planning-v2-seed-20260920
SUB-041-06,SAAS-041,East,2026-06,2026-05,Enterprise,400,0,0,0,400,0,Inbound,synthetic,planning-v2-seed-20260920
SUB-041-07,SAAS-041,East,2026-07,2026-05,Enterprise,0,0,0,0,0,0,Inbound,synthetic,planning-v2-seed-20260920
SUB-041-08,SAAS-041,East,2026-08,2026-05,Enterprise,0,0,0,0,0,0,Inbound,synthetic,planning-v2-seed-20260920
SUB-041-09,SAAS-041,East,2026-09,2026-05,Enterprise,0,0,0,0,0,0,Inbound,synthetic,planning-v2-seed-20260920
SUB-042-06,SAAS-042,West,2026-06,2026-06,Scale,0,525,0,0,0,525,Partner,synthetic,planning-v2-seed-20260920
SUB-042-07,SAAS-042,West,2026-07,2026-06,Scale,525,0,0,0,0,525,Partner,synthetic,planning-v2-seed-20260920
SUB-042-08,SAAS-042,West,2026-08,2026-06,Scale,525,0,100,0,0,625,Partner,synthetic,planning-v2-seed-20260920
SUB-042-09,SAAS-042,West,2026-09,2026-06,Scale,625,0,0,0,0,625,Partner,synthetic,planning-v2-seed-20260920
SUB-043-01,SAAS-043,Central,2026-01,2026-01,Growth,0,650,0,0,0,650,Outbound,synthetic,planning-v2-seed-20260920
SUB-043-02,SAAS-043,Central,2026-02,2026-01,Growth,650,0,0,75,0,575,Outbound,synthetic,planning-v2-seed-20260920
SUB-043-03,SAAS-043,Central,2026-03,2026-01,Growth,575,0,0,0,0,575,Outbound,synthetic,planning-v2-seed-20260920
SUB-043-04,SAAS-043,Central,2026-04,2026-01,Growth,575,0,0,0,575,0,Outbound,synthetic,planning-v2-seed-20260920
SUB-043-05,SAAS-043,Central,2026-05,2026-01,Growth,0,0,0,0,0,0,Outbound,synthetic,planning-v2-seed-20260920
SUB-043-06,SAAS-043,Central,2026-06,2026-01,Growth,0,0,0,0,0,0,Outbound,synthetic,planning-v2-seed-20260920
SUB-043-07,SAAS-043,Central,2026-07,2026-01,Growth,0,0,0,0,0,0,Outbound,synthetic,planning-v2-seed-20260920
SUB-043-08,SAAS-043,Central,2026-08,2026-01,Growth,0,0,0,0,0,0,Outbound,synthetic,planning-v2-seed-20260920
SUB-043-09,SAAS-043,Central,2026-09,2026-01,Growth,0,0,0,0,0,0,Outbound,synthetic,planning-v2-seed-20260920
SUB-044-02,SAAS-044,East,2026-02,2026-02,Enterprise,0,775,0,0,0,775,Inbound,synthetic,planning-v2-seed-20260920
SUB-044-03,SAAS-044,East,2026-03,2026-02,Enterprise,775,0,0,0,775,0,Inbound,synthetic,planning-v2-seed-20260920
SUB-044-04,SAAS-044,East,2026-04,2026-02,Enterprise,0,0,0,0,0,0,Inbound,synthetic,planning-v2-seed-20260920
SUB-044-05,SAAS-044,East,2026-05,2026-02,Enterprise,0,0,0,0,0,0,Inbound,synthetic,planning-v2-seed-20260920
SUB-044-06,SAAS-044,East,2026-06,2026-02,Enterprise,0,0,0,0,0,0,Inbound,synthetic,planning-v2-seed-20260920
SUB-044-07,SAAS-044,East,2026-07,2026-02,Enterprise,0,0,0,0,0,0,Inbound,synthetic,planning-v2-seed-20260920
SUB-044-08,SAAS-044,East,2026-08,2026-02,Enterprise,0,0,0,0,0,0,Inbound,synthetic,planning-v2-seed-20260920
SUB-044-09,SAAS-044,East,2026-09,2026-02,Enterprise,0,0,0,0,0,0,Inbound,synthetic,planning-v2-seed-20260920
SUB-045-03,SAAS-045,West,2026-03,2026-03,Scale,0,900,0,0,0,900,Partner,synthetic,planning-v2-seed-20260920
SUB-045-04,SAAS-045,West,2026-04,2026-03,Scale,900,0,0,0,0,900,Partner,synthetic,planning-v2-seed-20260920
SUB-045-05,SAAS-045,West,2026-05,2026-03,Scale,900,0,100,0,0,1000,Partner,synthetic,planning-v2-seed-20260920
SUB-045-06,SAAS-045,West,2026-06,2026-03,Scale,1000,0,0,0,0,1000,Partner,synthetic,planning-v2-seed-20260920
SUB-045-07,SAAS-045,West,2026-07,2026-03,Scale,1000,0,0,0,0,1000,Partner,synthetic,planning-v2-seed-20260920
SUB-045-08,SAAS-045,West,2026-08,2026-03,Scale,1000,0,0,0,0,1000,Partner,synthetic,planning-v2-seed-20260920
SUB-045-09,SAAS-045,West,2026-09,2026-03,Scale,1000,0,0,0,0,1000,Partner,synthetic,planning-v2-seed-20260920
SUB-046-04,SAAS-046,Central,2026-04,2026-04,Growth,0,1025,0,0,0,1025,Outbound,synthetic,planning-v2-seed-20260920
SUB-046-05,SAAS-046,Central,2026-05,2026-04,Growth,1025,0,0,0,0,1025,Outbound,synthetic,planning-v2-seed-20260920
SUB-046-06,SAAS-046,Central,2026-06,2026-04,Growth,1025,0,0,0,0,1025,Outbound,synthetic,planning-v2-seed-20260920
SUB-046-07,SAAS-046,Central,2026-07,2026-04,Growth,1025,0,0,0,0,1025,Outbound,synthetic,planning-v2-seed-20260920
SUB-046-08,SAAS-046,Central,2026-08,2026-04,Growth,1025,0,0,0,0,1025,Outbound,synthetic,planning-v2-seed-20260920
SUB-046-09,SAAS-046,Central,2026-09,2026-04,Growth,1025,0,0,0,0,1025,Outbound,synthetic,planning-v2-seed-20260920
SUB-047-05,SAAS-047,East,2026-05,2026-05,Enterprise,0,1150,0,0,0,1150,Inbound,synthetic,planning-v2-seed-20260920
SUB-047-06,SAAS-047,East,2026-06,2026-05,Enterprise,1150,0,0,0,0,1150,Inbound,synthetic,planning-v2-seed-20260920
SUB-047-07,SAAS-047,East,2026-07,2026-05,Enterprise,1150,0,0,0,0,1150,Inbound,synthetic,planning-v2-seed-20260920
SUB-047-08,SAAS-047,East,2026-08,2026-05,Enterprise,1150,0,0,0,0,1150,Inbound,synthetic,planning-v2-seed-20260920
SUB-047-09,SAAS-047,East,2026-09,2026-05,Enterprise,1150,0,0,75,0,1075,Inbound,synthetic,planning-v2-seed-20260920
SUB-048-06,SAAS-048,West,2026-06,2026-06,Scale,0,1275,0,0,0,1275,Partner,synthetic,planning-v2-seed-20260920
SUB-048-07,SAAS-048,West,2026-07,2026-06,Scale,1275,0,0,0,0,1275,Partner,synthetic,planning-v2-seed-20260920
SUB-048-08,SAAS-048,West,2026-08,2026-06,Scale,1275,0,0,75,0,1200,Partner,synthetic,planning-v2-seed-20260920
SUB-048-09,SAAS-048,West,2026-09,2026-06,Scale,1200,0,100,0,0,1300,Partner,synthetic,planning-v2-seed-20260920
SUB-049-01,SAAS-049,Central,2026-01,2026-01,Growth,0,1400,0,0,0,1400,Outbound,synthetic,planning-v2-seed-20260920
SUB-049-02,SAAS-049,Central,2026-02,2026-01,Growth,1400,0,0,0,0,1400,Outbound,synthetic,planning-v2-seed-20260920
SUB-049-03,SAAS-049,Central,2026-03,2026-01,Growth,1400,0,0,0,0,1400,Outbound,synthetic,planning-v2-seed-20260920
SUB-049-04,SAAS-049,Central,2026-04,2026-01,Growth,1400,0,0,0,0,1400,Outbound,synthetic,planning-v2-seed-20260920
SUB-049-05,SAAS-049,Central,2026-05,2026-01,Growth,1400,0,0,0,0,1400,Outbound,synthetic,planning-v2-seed-20260920
SUB-049-06,SAAS-049,Central,2026-06,2026-01,Growth,1400,0,0,0,0,1400,Outbound,synthetic,planning-v2-seed-20260920
SUB-049-07,SAAS-049,Central,2026-07,2026-01,Growth,1400,0,0,75,0,1325,Outbound,synthetic,planning-v2-seed-20260920
SUB-049-08,SAAS-049,Central,2026-08,2026-01,Growth,1325,0,100,0,0,1425,Outbound,synthetic,planning-v2-seed-20260920
SUB-049-09,SAAS-049,Central,2026-09,2026-01,Growth,1425,0,0,0,0,1425,Outbound,synthetic,planning-v2-seed-20260920
SUB-050-02,SAAS-050,East,2026-02,2026-02,Enterprise,0,1525,0,0,0,1525,Inbound,synthetic,planning-v2-seed-20260920
SUB-050-03,SAAS-050,East,2026-03,2026-02,Enterprise,1525,0,0,0,0,1525,Inbound,synthetic,planning-v2-seed-20260920
SUB-050-04,SAAS-050,East,2026-04,2026-02,Enterprise,1525,0,0,0,0,1525,Inbound,synthetic,planning-v2-seed-20260920
SUB-050-05,SAAS-050,East,2026-05,2026-02,Enterprise,1525,0,0,0,0,1525,Inbound,synthetic,planning-v2-seed-20260920
SUB-050-06,SAAS-050,East,2026-06,2026-02,Enterprise,1525,0,0,75,0,1450,Inbound,synthetic,planning-v2-seed-20260920
SUB-050-07,SAAS-050,East,2026-07,2026-02,Enterprise,1450,0,100,0,0,1550,Inbound,synthetic,planning-v2-seed-20260920
SUB-050-08,SAAS-050,East,2026-08,2026-02,Enterprise,1550,0,0,0,0,1550,Inbound,synthetic,planning-v2-seed-20260920
SUB-050-09,SAAS-050,East,2026-09,2026-02,Enterprise,1550,0,0,0,0,1550,Inbound,synthetic,planning-v2-seed-20260920
SUB-051-03,SAAS-051,West,2026-03,2026-03,Scale,0,400,0,0,0,400,Partner,synthetic,planning-v2-seed-20260920
SUB-051-04,SAAS-051,West,2026-04,2026-03,Scale,400,0,0,0,0,400,Partner,synthetic,planning-v2-seed-20260920
SUB-051-05,SAAS-051,West,2026-05,2026-03,Scale,400,0,0,75,0,325,Partner,synthetic,planning-v2-seed-20260920
SUB-051-06,SAAS-051,West,2026-06,2026-03,Scale,325,0,100,0,0,425,Partner,synthetic,planning-v2-seed-20260920
SUB-051-07,SAAS-051,West,2026-07,2026-03,Scale,425,0,0,0,0,425,Partner,synthetic,planning-v2-seed-20260920
SUB-051-08,SAAS-051,West,2026-08,2026-03,Scale,425,0,0,0,0,425,Partner,synthetic,planning-v2-seed-20260920
SUB-051-09,SAAS-051,West,2026-09,2026-03,Scale,425,0,0,0,0,425,Partner,synthetic,planning-v2-seed-20260920
SUB-052-04,SAAS-052,Central,2026-04,2026-04,Growth,0,525,0,0,0,525,Outbound,synthetic,planning-v2-seed-20260920
SUB-052-05,SAAS-052,Central,2026-05,2026-04,Growth,525,0,100,0,0,625,Outbound,synthetic,planning-v2-seed-20260920
SUB-052-06,SAAS-052,Central,2026-06,2026-04,Growth,625,0,0,0,0,625,Outbound,synthetic,planning-v2-seed-20260920
SUB-052-07,SAAS-052,Central,2026-07,2026-04,Growth,625,0,0,0,0,625,Outbound,synthetic,planning-v2-seed-20260920
SUB-052-08,SAAS-052,Central,2026-08,2026-04,Growth,625,0,0,0,0,625,Outbound,synthetic,planning-v2-seed-20260920
SUB-052-09,SAAS-052,Central,2026-09,2026-04,Growth,625,0,0,0,0,625,Outbound,synthetic,planning-v2-seed-20260920
SUB-053-05,SAAS-053,East,2026-05,2026-05,Enterprise,0,650,0,0,0,650,Inbound,synthetic,planning-v2-seed-20260920
SUB-053-06,SAAS-053,East,2026-06,2026-05,Enterprise,650,0,0,0,0,650,Inbound,synthetic,planning-v2-seed-20260920
SUB-053-07,SAAS-053,East,2026-07,2026-05,Enterprise,650,0,0,0,0,650,Inbound,synthetic,planning-v2-seed-20260920
SUB-053-08,SAAS-053,East,2026-08,2026-05,Enterprise,650,0,0,0,0,650,Inbound,synthetic,planning-v2-seed-20260920
SUB-053-09,SAAS-053,East,2026-09,2026-05,Enterprise,650,0,0,0,0,650,Inbound,synthetic,planning-v2-seed-20260920
SUB-054-06,SAAS-054,West,2026-06,2026-06,Scale,0,775,0,0,0,775,Partner,synthetic,planning-v2-seed-20260920
SUB-054-07,SAAS-054,West,2026-07,2026-06,Scale,775,0,0,0,0,775,Partner,synthetic,planning-v2-seed-20260920
SUB-054-08,SAAS-054,West,2026-08,2026-06,Scale,775,0,0,0,0,775,Partner,synthetic,planning-v2-seed-20260920
SUB-054-09,SAAS-054,West,2026-09,2026-06,Scale,775,0,0,0,0,775,Partner,synthetic,planning-v2-seed-20260920
SUB-055-01,SAAS-055,Central,2026-01,2026-01,Growth,0,900,0,0,0,900,Outbound,synthetic,planning-v2-seed-20260920
SUB-055-02,SAAS-055,Central,2026-02,2026-01,Growth,900,0,100,0,0,1000,Outbound,synthetic,planning-v2-seed-20260920
SUB-055-03,SAAS-055,Central,2026-03,2026-01,Growth,1000,0,0,0,0,1000,Outbound,synthetic,planning-v2-seed-20260920
SUB-055-04,SAAS-055,Central,2026-04,2026-01,Growth,1000,0,0,0,0,1000,Outbound,synthetic,planning-v2-seed-20260920
SUB-055-05,SAAS-055,Central,2026-05,2026-01,Growth,1000,0,0,0,0,1000,Outbound,synthetic,planning-v2-seed-20260920
SUB-055-06,SAAS-055,Central,2026-06,2026-01,Growth,1000,0,0,0,0,1000,Outbound,synthetic,planning-v2-seed-20260920
SUB-055-07,SAAS-055,Central,2026-07,2026-01,Growth,1000,0,0,0,0,1000,Outbound,synthetic,planning-v2-seed-20260920
SUB-055-08,SAAS-055,Central,2026-08,2026-01,Growth,1000,0,0,0,0,1000,Outbound,synthetic,planning-v2-seed-20260920
SUB-055-09,SAAS-055,Central,2026-09,2026-01,Growth,1000,0,100,0,0,1100,Outbound,synthetic,planning-v2-seed-20260920
SUB-056-02,SAAS-056,East,2026-02,2026-02,Enterprise,0,1025,0,0,0,1025,Inbound,synthetic,planning-v2-seed-20260920
SUB-056-03,SAAS-056,East,2026-03,2026-02,Enterprise,1025,0,0,0,0,1025,Inbound,synthetic,planning-v2-seed-20260920
SUB-056-04,SAAS-056,East,2026-04,2026-02,Enterprise,1025,0,0,0,0,1025,Inbound,synthetic,planning-v2-seed-20260920
SUB-056-05,SAAS-056,East,2026-05,2026-02,Enterprise,1025,0,0,0,0,1025,Inbound,synthetic,planning-v2-seed-20260920
SUB-056-06,SAAS-056,East,2026-06,2026-02,Enterprise,1025,0,0,0,0,1025,Inbound,synthetic,planning-v2-seed-20260920
SUB-056-07,SAAS-056,East,2026-07,2026-02,Enterprise,1025,0,0,0,0,1025,Inbound,synthetic,planning-v2-seed-20260920
SUB-056-08,SAAS-056,East,2026-08,2026-02,Enterprise,1025,0,100,0,0,1125,Inbound,synthetic,planning-v2-seed-20260920
SUB-056-09,SAAS-056,East,2026-09,2026-02,Enterprise,1125,0,0,0,0,1125,Inbound,synthetic,planning-v2-seed-20260920
SUB-057-03,SAAS-057,West,2026-03,2026-03,Scale,0,1150,0,0,0,1150,Partner,synthetic,planning-v2-seed-20260920
SUB-057-04,SAAS-057,West,2026-04,2026-03,Scale,1150,0,0,0,0,1150,Partner,synthetic,planning-v2-seed-20260920
SUB-057-05,SAAS-057,West,2026-05,2026-03,Scale,1150,0,0,0,0,1150,Partner,synthetic,planning-v2-seed-20260920
SUB-057-06,SAAS-057,West,2026-06,2026-03,Scale,1150,0,0,0,0,1150,Partner,synthetic,planning-v2-seed-20260920
SUB-057-07,SAAS-057,West,2026-07,2026-03,Scale,1150,0,100,0,0,1250,Partner,synthetic,planning-v2-seed-20260920
SUB-057-08,SAAS-057,West,2026-08,2026-03,Scale,1250,0,0,0,0,1250,Partner,synthetic,planning-v2-seed-20260920
SUB-057-09,SAAS-057,West,2026-09,2026-03,Scale,1250,0,0,0,0,1250,Partner,synthetic,planning-v2-seed-20260920
SUB-058-04,SAAS-058,Central,2026-04,2026-04,Growth,0,1275,0,0,0,1275,Outbound,synthetic,planning-v2-seed-20260920
SUB-058-05,SAAS-058,Central,2026-05,2026-04,Growth,1275,0,0,0,0,1275,Outbound,synthetic,planning-v2-seed-20260920
SUB-058-06,SAAS-058,Central,2026-06,2026-04,Growth,1275,0,100,0,0,1375,Outbound,synthetic,planning-v2-seed-20260920
SUB-058-07,SAAS-058,Central,2026-07,2026-04,Growth,1375,0,0,0,0,1375,Outbound,synthetic,planning-v2-seed-20260920
SUB-058-08,SAAS-058,Central,2026-08,2026-04,Growth,1375,0,0,0,0,1375,Outbound,synthetic,planning-v2-seed-20260920
SUB-058-09,SAAS-058,Central,2026-09,2026-04,Growth,1375,0,0,75,0,1300,Outbound,synthetic,planning-v2-seed-20260920
SUB-059-05,SAAS-059,East,2026-05,2026-05,Enterprise,0,1400,0,0,0,1400,Inbound,synthetic,planning-v2-seed-20260920
SUB-059-06,SAAS-059,East,2026-06,2026-05,Enterprise,1400,0,0,0,0,1400,Inbound,synthetic,planning-v2-seed-20260920
SUB-059-07,SAAS-059,East,2026-07,2026-05,Enterprise,1400,0,0,0,0,1400,Inbound,synthetic,planning-v2-seed-20260920
SUB-059-08,SAAS-059,East,2026-08,2026-05,Enterprise,1400,0,0,75,0,1325,Inbound,synthetic,planning-v2-seed-20260920
SUB-059-09,SAAS-059,East,2026-09,2026-05,Enterprise,1325,0,0,0,0,1325,Inbound,synthetic,planning-v2-seed-20260920
SUB-060-06,SAAS-060,West,2026-06,2026-06,Scale,0,1525,0,0,0,1525,Partner,synthetic,planning-v2-seed-20260920
SUB-060-07,SAAS-060,West,2026-07,2026-06,Scale,1525,0,0,75,0,1450,Partner,synthetic,planning-v2-seed-20260920
SUB-060-08,SAAS-060,West,2026-08,2026-06,Scale,1450,0,0,0,0,1450,Partner,synthetic,planning-v2-seed-20260920
SUB-060-09,SAAS-060,West,2026-09,2026-06,Scale,1450,0,0,0,0,1450,Partner,synthetic,planning-v2-seed-20260920
SUB-061-01,SAAS-061,Central,2026-01,2026-01,Growth,0,400,0,0,0,400,Outbound,synthetic,planning-v2-seed-20260920
SUB-061-02,SAAS-061,Central,2026-02,2026-01,Growth,400,0,0,0,0,400,Outbound,synthetic,planning-v2-seed-20260920
SUB-061-03,SAAS-061,Central,2026-03,2026-01,Growth,400,0,100,0,0,500,Outbound,synthetic,planning-v2-seed-20260920
SUB-061-04,SAAS-061,Central,2026-04,2026-01,Growth,500,0,0,0,0,500,Outbound,synthetic,planning-v2-seed-20260920
SUB-061-05,SAAS-061,Central,2026-05,2026-01,Growth,500,0,0,0,0,500,Outbound,synthetic,planning-v2-seed-20260920
SUB-061-06,SAAS-061,Central,2026-06,2026-01,Growth,500,0,0,75,0,425,Outbound,synthetic,planning-v2-seed-20260920
SUB-061-07,SAAS-061,Central,2026-07,2026-01,Growth,425,0,0,0,0,425,Outbound,synthetic,planning-v2-seed-20260920
SUB-061-08,SAAS-061,Central,2026-08,2026-01,Growth,425,0,0,0,0,425,Outbound,synthetic,planning-v2-seed-20260920
SUB-061-09,SAAS-061,Central,2026-09,2026-01,Growth,425,0,0,0,425,0,Outbound,synthetic,planning-v2-seed-20260920
SUB-062-02,SAAS-062,East,2026-02,2026-02,Enterprise,0,525,0,0,0,525,Inbound,synthetic,planning-v2-seed-20260920
SUB-062-03,SAAS-062,East,2026-03,2026-02,Enterprise,525,0,0,0,0,525,Inbound,synthetic,planning-v2-seed-20260920
SUB-062-04,SAAS-062,East,2026-04,2026-02,Enterprise,525,0,0,0,0,525,Inbound,synthetic,planning-v2-seed-20260920
SUB-062-05,SAAS-062,East,2026-05,2026-02,Enterprise,525,0,0,75,0,450,Inbound,synthetic,planning-v2-seed-20260920
SUB-062-06,SAAS-062,East,2026-06,2026-02,Enterprise,450,0,0,0,0,450,Inbound,synthetic,planning-v2-seed-20260920
SUB-062-07,SAAS-062,East,2026-07,2026-02,Enterprise,450,0,0,0,0,450,Inbound,synthetic,planning-v2-seed-20260920
SUB-062-08,SAAS-062,East,2026-08,2026-02,Enterprise,450,0,0,0,450,0,Inbound,synthetic,planning-v2-seed-20260920
SUB-062-09,SAAS-062,East,2026-09,2026-02,Enterprise,0,0,0,0,0,0,Inbound,synthetic,planning-v2-seed-20260920
SUB-063-03,SAAS-063,West,2026-03,2026-03,Scale,0,650,0,0,0,650,Partner,synthetic,planning-v2-seed-20260920
SUB-063-04,SAAS-063,West,2026-04,2026-03,Scale,650,0,0,75,0,575,Partner,synthetic,planning-v2-seed-20260920
SUB-063-05,SAAS-063,West,2026-05,2026-03,Scale,575,0,0,0,0,575,Partner,synthetic,planning-v2-seed-20260920
SUB-063-06,SAAS-063,West,2026-06,2026-03,Scale,575,0,0,0,0,575,Partner,synthetic,planning-v2-seed-20260920
SUB-063-07,SAAS-063,West,2026-07,2026-03,Scale,575,0,0,0,575,0,Partner,synthetic,planning-v2-seed-20260920
SUB-063-08,SAAS-063,West,2026-08,2026-03,Scale,0,0,0,0,0,0,Partner,synthetic,planning-v2-seed-20260920
SUB-063-09,SAAS-063,West,2026-09,2026-03,Scale,0,0,0,0,0,0,Partner,synthetic,planning-v2-seed-20260920
SUB-064-04,SAAS-064,Central,2026-04,2026-04,Growth,0,775,0,0,0,775,Outbound,synthetic,planning-v2-seed-20260920
SUB-064-05,SAAS-064,Central,2026-05,2026-04,Growth,775,0,0,0,0,775,Outbound,synthetic,planning-v2-seed-20260920
SUB-064-06,SAAS-064,Central,2026-06,2026-04,Growth,775,0,0,0,775,0,Outbound,synthetic,planning-v2-seed-20260920
SUB-064-07,SAAS-064,Central,2026-07,2026-04,Growth,0,0,0,0,0,0,Outbound,synthetic,planning-v2-seed-20260920
SUB-064-08,SAAS-064,Central,2026-08,2026-04,Growth,0,0,0,0,0,0,Outbound,synthetic,planning-v2-seed-20260920
SUB-064-09,SAAS-064,Central,2026-09,2026-04,Growth,0,0,0,0,0,0,Outbound,synthetic,planning-v2-seed-20260920
SUB-065-05,SAAS-065,East,2026-05,2026-05,Enterprise,0,900,0,0,0,900,Inbound,synthetic,planning-v2-seed-20260920
SUB-065-06,SAAS-065,East,2026-06,2026-05,Enterprise,900,0,100,0,0,1000,Inbound,synthetic,planning-v2-seed-20260920
SUB-065-07,SAAS-065,East,2026-07,2026-05,Enterprise,1000,0,0,0,0,1000,Inbound,synthetic,planning-v2-seed-20260920
SUB-065-08,SAAS-065,East,2026-08,2026-05,Enterprise,1000,0,0,0,0,1000,Inbound,synthetic,planning-v2-seed-20260920
SUB-065-09,SAAS-065,East,2026-09,2026-05,Enterprise,1000,0,0,0,0,1000,Inbound,synthetic,planning-v2-seed-20260920
SUB-066-06,SAAS-066,West,2026-06,2026-06,Scale,0,1025,0,0,0,1025,Partner,synthetic,planning-v2-seed-20260920
SUB-066-07,SAAS-066,West,2026-07,2026-06,Scale,1025,0,0,0,0,1025,Partner,synthetic,planning-v2-seed-20260920
SUB-066-08,SAAS-066,West,2026-08,2026-06,Scale,1025,0,0,0,0,1025,Partner,synthetic,planning-v2-seed-20260920
SUB-066-09,SAAS-066,West,2026-09,2026-06,Scale,1025,0,0,0,0,1025,Partner,synthetic,planning-v2-seed-20260920
SUB-067-01,SAAS-067,Central,2026-01,2026-01,Growth,0,1150,0,0,0,1150,Outbound,synthetic,planning-v2-seed-20260920
SUB-067-02,SAAS-067,Central,2026-02,2026-01,Growth,1150,0,0,0,0,1150,Outbound,synthetic,planning-v2-seed-20260920
SUB-067-03,SAAS-067,Central,2026-03,2026-01,Growth,1150,0,0,0,1150,0,Outbound,synthetic,planning-v2-seed-20260920
SUB-067-04,SAAS-067,Central,2026-04,2026-01,Growth,0,0,0,0,0,0,Outbound,synthetic,planning-v2-seed-20260920
SUB-067-05,SAAS-067,Central,2026-05,2026-01,Growth,0,0,0,0,0,0,Outbound,synthetic,planning-v2-seed-20260920
SUB-067-06,SAAS-067,Central,2026-06,2026-01,Growth,0,0,0,0,0,0,Outbound,synthetic,planning-v2-seed-20260920
SUB-067-07,SAAS-067,Central,2026-07,2026-01,Growth,0,0,0,0,0,0,Outbound,synthetic,planning-v2-seed-20260920
SUB-067-08,SAAS-067,Central,2026-08,2026-01,Growth,0,0,0,0,0,0,Outbound,synthetic,planning-v2-seed-20260920
SUB-067-09,SAAS-067,Central,2026-09,2026-01,Growth,0,0,0,0,0,0,Outbound,synthetic,planning-v2-seed-20260920
SUB-068-02,SAAS-068,East,2026-02,2026-02,Enterprise,0,1275,0,0,0,1275,Inbound,synthetic,planning-v2-seed-20260920
SUB-068-03,SAAS-068,East,2026-03,2026-02,Enterprise,1275,0,100,0,0,1375,Inbound,synthetic,planning-v2-seed-20260920
SUB-068-04,SAAS-068,East,2026-04,2026-02,Enterprise,1375,0,0,0,0,1375,Inbound,synthetic,planning-v2-seed-20260920
SUB-068-05,SAAS-068,East,2026-05,2026-02,Enterprise,1375,0,0,0,0,1375,Inbound,synthetic,planning-v2-seed-20260920
SUB-068-06,SAAS-068,East,2026-06,2026-02,Enterprise,1375,0,0,0,0,1375,Inbound,synthetic,planning-v2-seed-20260920
SUB-068-07,SAAS-068,East,2026-07,2026-02,Enterprise,1375,0,0,0,0,1375,Inbound,synthetic,planning-v2-seed-20260920
SUB-068-08,SAAS-068,East,2026-08,2026-02,Enterprise,1375,0,0,0,0,1375,Inbound,synthetic,planning-v2-seed-20260920
SUB-068-09,SAAS-068,East,2026-09,2026-02,Enterprise,1375,0,0,0,0,1375,Inbound,synthetic,planning-v2-seed-20260920
SUB-069-03,SAAS-069,West,2026-03,2026-03,Scale,0,1400,0,0,0,1400,Partner,synthetic,planning-v2-seed-20260920
SUB-069-04,SAAS-069,West,2026-04,2026-03,Scale,1400,0,0,0,0,1400,Partner,synthetic,planning-v2-seed-20260920
SUB-069-05,SAAS-069,West,2026-05,2026-03,Scale,1400,0,0,0,0,1400,Partner,synthetic,planning-v2-seed-20260920
SUB-069-06,SAAS-069,West,2026-06,2026-03,Scale,1400,0,0,0,0,1400,Partner,synthetic,planning-v2-seed-20260920
SUB-069-07,SAAS-069,West,2026-07,2026-03,Scale,1400,0,0,0,0,1400,Partner,synthetic,planning-v2-seed-20260920
SUB-069-08,SAAS-069,West,2026-08,2026-03,Scale,1400,0,0,0,0,1400,Partner,synthetic,planning-v2-seed-20260920
SUB-069-09,SAAS-069,West,2026-09,2026-03,Scale,1400,0,100,0,0,1500,Partner,synthetic,planning-v2-seed-20260920
SUB-070-04,SAAS-070,Central,2026-04,2026-04,Growth,0,1525,0,0,0,1525,Outbound,synthetic,planning-v2-seed-20260920
SUB-070-05,SAAS-070,Central,2026-05,2026-04,Growth,1525,0,0,0,0,1525,Outbound,synthetic,planning-v2-seed-20260920
SUB-070-06,SAAS-070,Central,2026-06,2026-04,Growth,1525,0,0,0,0,1525,Outbound,synthetic,planning-v2-seed-20260920
SUB-070-07,SAAS-070,Central,2026-07,2026-04,Growth,1525,0,0,0,0,1525,Outbound,synthetic,planning-v2-seed-20260920
SUB-070-08,SAAS-070,Central,2026-08,2026-04,Growth,1525,0,100,0,0,1625,Outbound,synthetic,planning-v2-seed-20260920
SUB-070-09,SAAS-070,Central,2026-09,2026-04,Growth,1625,0,0,0,0,1625,Outbound,synthetic,planning-v2-seed-20260920
SUB-071-05,SAAS-071,East,2026-05,2026-05,Enterprise,0,400,0,0,0,400,Inbound,synthetic,planning-v2-seed-20260920
SUB-071-06,SAAS-071,East,2026-06,2026-05,Enterprise,400,0,0,0,0,400,Inbound,synthetic,planning-v2-seed-20260920
SUB-071-07,SAAS-071,East,2026-07,2026-05,Enterprise,400,0,100,0,0,500,Inbound,synthetic,planning-v2-seed-20260920
SUB-071-08,SAAS-071,East,2026-08,2026-05,Enterprise,500,0,0,0,0,500,Inbound,synthetic,planning-v2-seed-20260920
SUB-071-09,SAAS-071,East,2026-09,2026-05,Enterprise,500,0,0,0,0,500,Inbound,synthetic,planning-v2-seed-20260920
SUB-072-06,SAAS-072,West,2026-06,2026-06,Scale,0,525,0,0,0,525,Partner,synthetic,planning-v2-seed-20260920
SUB-072-07,SAAS-072,West,2026-07,2026-06,Scale,525,0,0,0,0,525,Partner,synthetic,planning-v2-seed-20260920
SUB-072-08,SAAS-072,West,2026-08,2026-06,Scale,525,0,0,0,0,525,Partner,synthetic,planning-v2-seed-20260920
SUB-072-09,SAAS-072,West,2026-09,2026-06,Scale,525,0,0,0,0,525,Partner,synthetic,planning-v2-seed-20260920
SUB-073-01,SAAS-073,Central,2026-01,2026-01,Growth,0,650,0,0,0,650,Outbound,synthetic,planning-v2-seed-20260920
SUB-073-02,SAAS-073,Central,2026-02,2026-01,Growth,650,0,0,0,0,650,Outbound,synthetic,planning-v2-seed-20260920
SUB-073-03,SAAS-073,Central,2026-03,2026-01,Growth,650,0,0,0,0,650,Outbound,synthetic,planning-v2-seed-20260920
SUB-073-04,SAAS-073,Central,2026-04,2026-01,Growth,650,0,0,0,0,650,Outbound,synthetic,planning-v2-seed-20260920
SUB-073-05,SAAS-073,Central,2026-05,2026-01,Growth,650,0,100,0,0,750,Outbound,synthetic,planning-v2-seed-20260920
SUB-073-06,SAAS-073,Central,2026-06,2026-01,Growth,750,0,0,0,0,750,Outbound,synthetic,planning-v2-seed-20260920
SUB-073-07,SAAS-073,Central,2026-07,2026-01,Growth,750,0,0,0,0,750,Outbound,synthetic,planning-v2-seed-20260920
SUB-073-08,SAAS-073,Central,2026-08,2026-01,Growth,750,0,0,0,0,750,Outbound,synthetic,planning-v2-seed-20260920
SUB-073-09,SAAS-073,Central,2026-09,2026-01,Growth,750,0,0,0,0,750,Outbound,synthetic,planning-v2-seed-20260920
SUB-074-02,SAAS-074,East,2026-02,2026-02,Enterprise,0,775,0,0,0,775,Inbound,synthetic,planning-v2-seed-20260920
SUB-074-03,SAAS-074,East,2026-03,2026-02,Enterprise,775,0,0,0,0,775,Inbound,synthetic,planning-v2-seed-20260920
SUB-074-04,SAAS-074,East,2026-04,2026-02,Enterprise,775,0,100,0,0,875,Inbound,synthetic,planning-v2-seed-20260920
SUB-074-05,SAAS-074,East,2026-05,2026-02,Enterprise,875,0,0,0,0,875,Inbound,synthetic,planning-v2-seed-20260920
SUB-074-06,SAAS-074,East,2026-06,2026-02,Enterprise,875,0,0,0,0,875,Inbound,synthetic,planning-v2-seed-20260920
SUB-074-07,SAAS-074,East,2026-07,2026-02,Enterprise,875,0,0,0,0,875,Inbound,synthetic,planning-v2-seed-20260920
SUB-074-08,SAAS-074,East,2026-08,2026-02,Enterprise,875,0,0,0,0,875,Inbound,synthetic,planning-v2-seed-20260920
SUB-074-09,SAAS-074,East,2026-09,2026-02,Enterprise,875,0,0,0,0,875,Inbound,synthetic,planning-v2-seed-20260920
SUB-075-03,SAAS-075,West,2026-03,2026-03,Scale,0,900,0,0,0,900,Partner,synthetic,planning-v2-seed-20260920
SUB-075-04,SAAS-075,West,2026-04,2026-03,Scale,900,0,0,0,0,900,Partner,synthetic,planning-v2-seed-20260920
SUB-075-05,SAAS-075,West,2026-05,2026-03,Scale,900,0,0,0,0,900,Partner,synthetic,planning-v2-seed-20260920
SUB-075-06,SAAS-075,West,2026-06,2026-03,Scale,900,0,0,0,0,900,Partner,synthetic,planning-v2-seed-20260920
SUB-075-07,SAAS-075,West,2026-07,2026-03,Scale,900,0,0,0,0,900,Partner,synthetic,planning-v2-seed-20260920
SUB-075-08,SAAS-075,West,2026-08,2026-03,Scale,900,0,0,0,0,900,Partner,synthetic,planning-v2-seed-20260920
SUB-075-09,SAAS-075,West,2026-09,2026-03,Scale,900,0,0,0,0,900,Partner,synthetic,planning-v2-seed-20260920
SUB-076-04,SAAS-076,Central,2026-04,2026-04,Growth,0,1025,0,0,0,1025,Outbound,synthetic,planning-v2-seed-20260920
SUB-076-05,SAAS-076,Central,2026-05,2026-04,Growth,1025,0,0,0,0,1025,Outbound,synthetic,planning-v2-seed-20260920
SUB-076-06,SAAS-076,Central,2026-06,2026-04,Growth,1025,0,0,0,0,1025,Outbound,synthetic,planning-v2-seed-20260920
SUB-076-07,SAAS-076,Central,2026-07,2026-04,Growth,1025,0,0,0,0,1025,Outbound,synthetic,planning-v2-seed-20260920
SUB-076-08,SAAS-076,Central,2026-08,2026-04,Growth,1025,0,0,0,0,1025,Outbound,synthetic,planning-v2-seed-20260920
SUB-076-09,SAAS-076,Central,2026-09,2026-04,Growth,1025,0,100,0,0,1125,Outbound,synthetic,planning-v2-seed-20260920
SUB-077-05,SAAS-077,East,2026-05,2026-05,Enterprise,0,1150,0,0,0,1150,Inbound,synthetic,planning-v2-seed-20260920
SUB-077-06,SAAS-077,East,2026-06,2026-05,Enterprise,1150,0,0,0,0,1150,Inbound,synthetic,planning-v2-seed-20260920
SUB-077-07,SAAS-077,East,2026-07,2026-05,Enterprise,1150,0,0,0,0,1150,Inbound,synthetic,planning-v2-seed-20260920
SUB-077-08,SAAS-077,East,2026-08,2026-05,Enterprise,1150,0,100,0,0,1250,Inbound,synthetic,planning-v2-seed-20260920
SUB-077-09,SAAS-077,East,2026-09,2026-05,Enterprise,1250,0,0,0,0,1250,Inbound,synthetic,planning-v2-seed-20260920
SUB-078-06,SAAS-078,West,2026-06,2026-06,Scale,0,1275,0,0,0,1275,Partner,synthetic,planning-v2-seed-20260920
SUB-078-07,SAAS-078,West,2026-07,2026-06,Scale,1275,0,100,0,0,1375,Partner,synthetic,planning-v2-seed-20260920
SUB-078-08,SAAS-078,West,2026-08,2026-06,Scale,1375,0,0,0,0,1375,Partner,synthetic,planning-v2-seed-20260920
SUB-078-09,SAAS-078,West,2026-09,2026-06,Scale,1375,0,0,0,0,1375,Partner,synthetic,planning-v2-seed-20260920
SUB-079-01,SAAS-079,Central,2026-01,2026-01,Growth,0,1400,0,0,0,1400,Outbound,synthetic,planning-v2-seed-20260920
SUB-079-02,SAAS-079,Central,2026-02,2026-01,Growth,1400,0,0,0,0,1400,Outbound,synthetic,planning-v2-seed-20260920
SUB-079-03,SAAS-079,Central,2026-03,2026-01,Growth,1400,0,0,0,0,1400,Outbound,synthetic,planning-v2-seed-20260920
SUB-079-04,SAAS-079,Central,2026-04,2026-01,Growth,1400,0,0,0,0,1400,Outbound,synthetic,planning-v2-seed-20260920
SUB-079-05,SAAS-079,Central,2026-05,2026-01,Growth,1400,0,0,0,0,1400,Outbound,synthetic,planning-v2-seed-20260920
SUB-079-06,SAAS-079,Central,2026-06,2026-01,Growth,1400,0,100,0,0,1500,Outbound,synthetic,planning-v2-seed-20260920
SUB-079-07,SAAS-079,Central,2026-07,2026-01,Growth,1500,0,0,0,0,1500,Outbound,synthetic,planning-v2-seed-20260920
SUB-079-08,SAAS-079,Central,2026-08,2026-01,Growth,1500,0,0,0,0,1500,Outbound,synthetic,planning-v2-seed-20260920
SUB-079-09,SAAS-079,Central,2026-09,2026-01,Growth,1500,0,0,0,0,1500,Outbound,synthetic,planning-v2-seed-20260920
SUB-080-02,SAAS-080,East,2026-02,2026-02,Enterprise,0,1525,0,0,0,1525,Inbound,synthetic,planning-v2-seed-20260920
SUB-080-03,SAAS-080,East,2026-03,2026-02,Enterprise,1525,0,0,0,0,1525,Inbound,synthetic,planning-v2-seed-20260920
SUB-080-04,SAAS-080,East,2026-04,2026-02,Enterprise,1525,0,0,0,0,1525,Inbound,synthetic,planning-v2-seed-20260920
SUB-080-05,SAAS-080,East,2026-05,2026-02,Enterprise,1525,0,100,0,0,1625,Inbound,synthetic,planning-v2-seed-20260920
SUB-080-06,SAAS-080,East,2026-06,2026-02,Enterprise,1625,0,0,0,0,1625,Inbound,synthetic,planning-v2-seed-20260920
SUB-080-07,SAAS-080,East,2026-07,2026-02,Enterprise,1625,0,0,0,0,1625,Inbound,synthetic,planning-v2-seed-20260920
SUB-080-08,SAAS-080,East,2026-08,2026-02,Enterprise,1625,0,0,0,0,1625,Inbound,synthetic,planning-v2-seed-20260920
SUB-080-09,SAAS-080,East,2026-09,2026-02,Enterprise,1625,0,0,75,0,1550,Inbound,synthetic,planning-v2-seed-20260920
SUB-081-03,SAAS-081,West,2026-03,2026-03,Scale,0,400,0,0,0,400,Partner,synthetic,planning-v2-seed-20260920
SUB-081-04,SAAS-081,West,2026-04,2026-03,Scale,400,0,100,0,0,500,Partner,synthetic,planning-v2-seed-20260920
SUB-081-05,SAAS-081,West,2026-05,2026-03,Scale,500,0,0,0,0,500,Partner,synthetic,planning-v2-seed-20260920
SUB-081-06,SAAS-081,West,2026-06,2026-03,Scale,500,0,0,0,0,500,Partner,synthetic,planning-v2-seed-20260920
SUB-081-07,SAAS-081,West,2026-07,2026-03,Scale,500,0,0,0,0,500,Partner,synthetic,planning-v2-seed-20260920
SUB-081-08,SAAS-081,West,2026-08,2026-03,Scale,500,0,0,75,0,425,Partner,synthetic,planning-v2-seed-20260920
SUB-081-09,SAAS-081,West,2026-09,2026-03,Scale,425,0,0,0,0,425,Partner,synthetic,planning-v2-seed-20260920
SUB-082-04,SAAS-082,Central,2026-04,2026-04,Growth,0,525,0,0,0,525,Outbound,synthetic,planning-v2-seed-20260920
SUB-082-05,SAAS-082,Central,2026-05,2026-04,Growth,525,0,0,0,0,525,Outbound,synthetic,planning-v2-seed-20260920
SUB-082-06,SAAS-082,Central,2026-06,2026-04,Growth,525,0,0,0,0,525,Outbound,synthetic,planning-v2-seed-20260920
SUB-082-07,SAAS-082,Central,2026-07,2026-04,Growth,525,0,0,75,0,450,Outbound,synthetic,planning-v2-seed-20260920
SUB-082-08,SAAS-082,Central,2026-08,2026-04,Growth,450,0,0,0,0,450,Outbound,synthetic,planning-v2-seed-20260920
SUB-082-09,SAAS-082,Central,2026-09,2026-04,Growth,450,0,0,0,0,450,Outbound,synthetic,planning-v2-seed-20260920
SUB-083-05,SAAS-083,East,2026-05,2026-05,Enterprise,0,650,0,0,0,650,Inbound,synthetic,planning-v2-seed-20260920
SUB-083-06,SAAS-083,East,2026-06,2026-05,Enterprise,650,0,0,75,0,575,Inbound,synthetic,planning-v2-seed-20260920
SUB-083-07,SAAS-083,East,2026-07,2026-05,Enterprise,575,0,0,0,0,575,Inbound,synthetic,planning-v2-seed-20260920
SUB-083-08,SAAS-083,East,2026-08,2026-05,Enterprise,575,0,0,0,0,575,Inbound,synthetic,planning-v2-seed-20260920
SUB-083-09,SAAS-083,East,2026-09,2026-05,Enterprise,575,0,100,0,0,675,Inbound,synthetic,planning-v2-seed-20260920
SUB-084-06,SAAS-084,West,2026-06,2026-06,Scale,0,775,0,0,0,775,Partner,synthetic,planning-v2-seed-20260920
SUB-084-07,SAAS-084,West,2026-07,2026-06,Scale,775,0,0,0,0,775,Partner,synthetic,planning-v2-seed-20260920
SUB-084-08,SAAS-084,West,2026-08,2026-06,Scale,775,0,100,0,0,875,Partner,synthetic,planning-v2-seed-20260920
SUB-084-09,SAAS-084,West,2026-09,2026-06,Scale,875,0,0,0,875,0,Partner,synthetic,planning-v2-seed-20260920
SUB-085-01,SAAS-085,Central,2026-01,2026-01,Growth,0,900,0,0,0,900,Outbound,synthetic,planning-v2-seed-20260920
SUB-085-02,SAAS-085,Central,2026-02,2026-01,Growth,900,0,0,0,0,900,Outbound,synthetic,planning-v2-seed-20260920
SUB-085-03,SAAS-085,Central,2026-03,2026-01,Growth,900,0,0,0,0,900,Outbound,synthetic,planning-v2-seed-20260920
SUB-085-04,SAAS-085,Central,2026-04,2026-01,Growth,900,0,0,75,0,825,Outbound,synthetic,planning-v2-seed-20260920
SUB-085-05,SAAS-085,Central,2026-05,2026-01,Growth,825,0,0,0,0,825,Outbound,synthetic,planning-v2-seed-20260920
SUB-085-06,SAAS-085,Central,2026-06,2026-01,Growth,825,0,0,0,0,825,Outbound,synthetic,planning-v2-seed-20260920
SUB-085-07,SAAS-085,Central,2026-07,2026-01,Growth,825,0,100,0,0,925,Outbound,synthetic,planning-v2-seed-20260920
SUB-085-08,SAAS-085,Central,2026-08,2026-01,Growth,925,0,0,0,925,0,Outbound,synthetic,planning-v2-seed-20260920
SUB-085-09,SAAS-085,Central,2026-09,2026-01,Growth,0,0,0,0,0,0,Outbound,synthetic,planning-v2-seed-20260920
SUB-086-02,SAAS-086,East,2026-02,2026-02,Enterprise,0,1025,0,0,0,1025,Inbound,synthetic,planning-v2-seed-20260920
SUB-086-03,SAAS-086,East,2026-03,2026-02,Enterprise,1025,0,0,75,0,950,Inbound,synthetic,planning-v2-seed-20260920
SUB-086-04,SAAS-086,East,2026-04,2026-02,Enterprise,950,0,0,0,0,950,Inbound,synthetic,planning-v2-seed-20260920
SUB-086-05,SAAS-086,East,2026-05,2026-02,Enterprise,950,0,0,0,0,950,Inbound,synthetic,planning-v2-seed-20260920
SUB-086-06,SAAS-086,East,2026-06,2026-02,Enterprise,950,0,100,0,0,1050,Inbound,synthetic,planning-v2-seed-20260920
SUB-086-07,SAAS-086,East,2026-07,2026-02,Enterprise,1050,0,0,0,1050,0,Inbound,synthetic,planning-v2-seed-20260920
SUB-086-08,SAAS-086,East,2026-08,2026-02,Enterprise,0,0,0,0,0,0,Inbound,synthetic,planning-v2-seed-20260920
SUB-086-09,SAAS-086,East,2026-09,2026-02,Enterprise,0,0,0,0,0,0,Inbound,synthetic,planning-v2-seed-20260920
SUB-087-03,SAAS-087,West,2026-03,2026-03,Scale,0,1150,0,0,0,1150,Partner,synthetic,planning-v2-seed-20260920
SUB-087-04,SAAS-087,West,2026-04,2026-03,Scale,1150,0,0,0,0,1150,Partner,synthetic,planning-v2-seed-20260920
SUB-087-05,SAAS-087,West,2026-05,2026-03,Scale,1150,0,100,0,0,1250,Partner,synthetic,planning-v2-seed-20260920
SUB-087-06,SAAS-087,West,2026-06,2026-03,Scale,1250,0,0,0,1250,0,Partner,synthetic,planning-v2-seed-20260920
SUB-087-07,SAAS-087,West,2026-07,2026-03,Scale,0,0,0,0,0,0,Partner,synthetic,planning-v2-seed-20260920
SUB-087-08,SAAS-087,West,2026-08,2026-03,Scale,0,0,0,0,0,0,Partner,synthetic,planning-v2-seed-20260920
SUB-087-09,SAAS-087,West,2026-09,2026-03,Scale,0,0,0,0,0,0,Partner,synthetic,planning-v2-seed-20260920
SUB-088-04,SAAS-088,Central,2026-04,2026-04,Growth,0,1275,0,0,0,1275,Outbound,synthetic,planning-v2-seed-20260920
SUB-088-05,SAAS-088,Central,2026-05,2026-04,Growth,1275,0,0,0,1275,0,Outbound,synthetic,planning-v2-seed-20260920
SUB-088-06,SAAS-088,Central,2026-06,2026-04,Growth,0,0,0,0,0,0,Outbound,synthetic,planning-v2-seed-20260920
SUB-088-07,SAAS-088,Central,2026-07,2026-04,Growth,0,0,0,0,0,0,Outbound,synthetic,planning-v2-seed-20260920
SUB-088-08,SAAS-088,Central,2026-08,2026-04,Growth,0,0,0,0,0,0,Outbound,synthetic,planning-v2-seed-20260920
SUB-088-09,SAAS-088,Central,2026-09,2026-04,Growth,0,0,0,0,0,0,Outbound,synthetic,planning-v2-seed-20260920
SUB-089-05,SAAS-089,East,2026-05,2026-05,Enterprise,0,1400,0,0,0,1400,Inbound,synthetic,planning-v2-seed-20260920
SUB-089-06,SAAS-089,East,2026-06,2026-05,Enterprise,1400,0,0,0,0,1400,Inbound,synthetic,planning-v2-seed-20260920
SUB-089-07,SAAS-089,East,2026-07,2026-05,Enterprise,1400,0,0,0,0,1400,Inbound,synthetic,planning-v2-seed-20260920
SUB-089-08,SAAS-089,East,2026-08,2026-05,Enterprise,1400,0,0,0,0,1400,Inbound,synthetic,planning-v2-seed-20260920
SUB-089-09,SAAS-089,East,2026-09,2026-05,Enterprise,1400,0,0,0,0,1400,Inbound,synthetic,planning-v2-seed-20260920
SUB-090-06,SAAS-090,West,2026-06,2026-06,Scale,0,1525,0,0,0,1525,Partner,synthetic,planning-v2-seed-20260920
SUB-090-07,SAAS-090,West,2026-07,2026-06,Scale,1525,0,0,0,0,1525,Partner,synthetic,planning-v2-seed-20260920
SUB-090-08,SAAS-090,West,2026-08,2026-06,Scale,1525,0,0,0,0,1525,Partner,synthetic,planning-v2-seed-20260920
SUB-090-09,SAAS-090,West,2026-09,2026-06,Scale,1525,0,100,0,0,1625,Partner,synthetic,planning-v2-seed-20260920
